OMEGA68SSP,1
OMEGAPI,2
OMEGAJO,3
VISBETON14314,4
NEOPRENE,5
OMEGA68,6
WBOLT14214,7
MFMJ08,8
MFM02C,9
BASEARCHG,10
MFA0510G,11
MFT055G,12
MFC074,13
MFL010G,14
TUBANC04G,15
MFR000,16
MFE057G,17
GARDESC,18
MFEREXT,19
MFER00,20
MFP007,21
MFEC20G,22
zMFVP36_OLD,23
MFM06C,24
MFM12C,25
LAGBOLT142,26
GARDEQUERG,27
TUAL08,28
MFVP24,29
BASECOL,30
PR1M,31
PR3M,32
PR2M,33
LED03,34
LED04,35
LED10,36
LED06,37
LED05N,38
LED02,39
BAYB10,40
BAYB06,41
BAYB05N,42
BAYB04,43
BAYB02,44
MFP010,45
MFP006,46
MFP005,47
MFP004RO,48
TUFSTUD3.6G,49
EFBOLT2,50
PESE55,51
PR3MJ,52
PR2MJSG,53
BOLT12-133A325N,54
PLAQ120808T9SROS,55
COIL3402ES,56
COILNUT34,57
MFT165G,58
ATTECHELLG,59
TUAL05,60
TIE025,61
CLIP516F,62
PR2.5M,63
MFL000,64
ADAPROS,65
LED036,66
LED07,67
BAYB07,68
BAYBDL,69
EQUEROS34,70
MARCHEALL,71
LIMON7D,72
LIMON07,73
MADAC036,74
MADAC07,75
PLINTHERO07,76
PLINTHERO036,77
PLINTHERO03,78
DISQADAPT,79
VERROSPF,80
PR.5M,81
EQUEROS26,82
EQUEROS16,83
MADFIL07,84
PLINTHERO022,85
LED042,86
PR1.5M,87
TRUSLED07,88
TRUSLED10,89
ADAPDT,90
MADAC10,91
PLINTHERO10,92
ALUMA04,93
ALUMA05,94
ALUMA106,95
VCLAMP,96
ALUMA08,97
PR2.5MSG,98
PR1MSG,99
MADAC04,100
LED01,101
MADFIL10,102
MFR360,103
ALUMA06,104
ALUMA12,105
ALUMA18,106
ADAPST,107
E-3M-02-PI,108
REVLOCFORINT-P,109
DT-FRALOCFOR-P,110
CT-FRALOCFOR-P,111
DT-FRAAMOFOR-P,112
CT-FRAAMOFOR-P,113
M-E-3M-02,114
PLY3444,115
SLABGRABG,116
MFP1010,117
MFPTRA1028,118
MFP106,119
MFP107,120
LED08,121
BAYB08,122
MFP108,123
MFP008,124
MFRARO,125
MFRAROSW,126
EQUEROS46HD,127
ESCALU652,128
RAMPESCALU6,129
BARRUREESCALU,130
ESCALU352,131
RAMPESCALU3,132
LED052,133
MFMJ06,134
MFMJ04,135
MFMJ10,136
TUAL16,137
TUAL14,138
TUAL12,139
GIRDERC,140
TUAL06,141
FERANGLE,142
ANC585HCA,143
MANILLE314,144
SLING51603,145
SLING51625,146
CLIP516_old,147
TENDEUR112,148
UNIPOTROS,149
LED01D,150
LED010,151
LED016,152
TUAL01,153
TUAL03,154
TUAL02,155
TUAL04,156
WSOR235,157
WSOR244,158
POUTLOQ4,159
WSOR239,160
MOT501XE,161
TELMOTTIR025,162
EXTTELMOTTIR250,163
POUTRMB08,164
POUTRJOINT30,165
COUETTE,166
EXTE200,167
POUTRRB04,168
CAA516300,169
PLYBLOCAGE,170
CHAMON2862,171
POTCHAMON,172
CAA516225,173
BAYB03,174
BAYB042,175
TRUSLED08,176
LED014,177
BINDER230,178
MFVU24,179
ALUMA21,180
ALUATT_old,181
ALUPLA,182
ALUBOLT,183
PANCARTEPUB4832EP,184
PLY3448,185
TUAL18,186
TRUSLED052,187
BAYB052,188
MFP004,189
MFP104,190
ALUMA20,191
MFM10C,192
TOITUFT-13100-FR,193
BUNGEE-TIES,194
TUAL10,195
MFVP12,196
MFVP32-36,197
PR.5MSG,198
PR1.5MSG,199
PR2MSG,200
PR3MSG,201
MFP0052RO,202
ALUMA32,203
EPI2412,204
ALUMA14,205
PLY3418,206
TRUSLED06,207
MARCHE50,208
MFP105,209
BLOCBET5,210
PR2.5MGT,211
DISQADAPTDEMI,212
GOUPILROS,213
PLY3424,214
LOCKPIN3826LP,215
RACKEPLUS,216
MFC054,217
OMEGA88SSP,218
OMEGARDG,219
OMEGARDG8,220
MFMJ12,221
ALUMA13,222
MFVP24P,223
MFM08C,224
MFMJ05,225
CHU23T,226
CHUGATE23,227
CHU23P,228
CHU23,229
LINER30,230
CHUCHAINE,231
CHU30T,232
CHUGATE30,233
CHU30P,234
CHU30,235
MFPB10G,236
MFL031G,237
SWPL3M,238
HCLIP,239
PINPLAT,240
ROLBUM,241
MOTCAP,242
TSECTIO,243
TRANSFO,244
POUTRRB08,245
SLING516025C,246
TIE200,247
MANILLE212,248
POUTRLAT,249
SLING51606CP,250
EXTE250,251
PANCARTEPUB3624EP,252
ETRIERO,253
GARDESW,254
POUTRFB10,255
POUTRJOINT08,256
TIE100,257
SWPL2M,258
ETRIERPP,259
ETRIERGP,260
MFT033G,261
MFC042,262
MFC062,263
MFC082,264
MFVT24,265
MFPB20G,266
DTRUSLE10,267
DTRUSLE14,268
MFRDEMI,269
ANC58312HCA,270
PLY3428,271
EPI248,272
MFT305G,273
MFC044,274
MFPG032G,275
MFG030,276
MFG004,277
TUBANC03G,278
MFC104,279
MFG010,280
POTREG002,281
LAGBOLT382,282
MFG005,283
GCA-KITDCP-2_old,284
GCA-PLC_old,285
GCA-CL201_old voir GCA-MTCH,286
GCA-JCWASHER,287
GCA-SLBOLT,288
GCA-SLNUT,289
GCA-LOCKPIN,290
GCA-CENS,291
GCA-CKITSL12,292
GCA-RUBCW,293
GCA-ALTUB33,294
GCA-JCLIP,295
GCA-JCBOLT,296
GCA-CL90_old voir GCA-MTCE,297
ECHA36,298
CAULTRA58,299
ALUMA09,300
SLABGRAB,301
ETRIEROL,302
SWCOIN90,303
SWPL0.5M,304
TIE015,305
CAA516075,306
EXTE150,307
CAA12100,308
CLIP12F,309
WBOLT585,310
POUSUP,311
CAA516150,312
PLY3426,313
SWPL1M,314
CAA12050,315
CLIP12,316
MOT501LE,317
CAA12025,318
ETRIER,319
CABTRU10,320
SWCROARO,321
WSOR123,322
TUFSTUD0.9G,323
TUFSTUD1.8G,324
PLAQ120808T9S1316,325
EYEBOLT3412A,326
COIL34016ES,327
BUNGEE21N,328
CAPUCHBOUL,329
PLAQALU3164896CP,330
ISOTUY13,331
CAA516050,332
ENROULEURT1T50G,333
TROLLE2,334
VER24P10,335
EFCOLCLIP,336
COIL34016P,337
ALUMA24,338
COIL34018P,339
ALUMA10,340
OMEGAROU4_old,341
INSERT,342
OMEGAE,343
ROU4T38L,344
OMEGAE12,345
MFA0576G,346
POU086G,347
POU106G,348
PORAJUORA,349
MADAC052,350
MADAC03,351
MADAC02,352
GIRDERCSW,353
MADAC06,354
MADAC08,355
MADFIL0502,356
ALUUP3M,357
GOUPIL3161916,358
ALUUP4M,359
MFT163G,360
MFC064,361
MADFIL06,362
ALUMA16,363
PLY3446,364
TUBANC06G,365
TUAL09,366
GCA-CL101_old voir GCA-MTCT,367
GCA-CL10_old voir CGA-MTCL,368
CHAMON2448,369
PLAQPOUTRLAT,370
MONORAILJOINT,371
60-40,372
SADDLESCAFTRAC,373
MONORAIL610,374
WBOLT383,375
MFA0576DG,376
MFTRUSTG,377
MFC102,378
MFC052,379
MFT053G,380
MFM04C,381
FERAADAPMUR,382
TUBANC08G,383
WBOLT384,384
ECHAFV20,385
PAD22,386
BOULASSMDR,387
MDRJT10,388
MDRJT04,389
TUBANC10G,390
ALUUPEXT,391
MDRJT026,392
MDRJT05,393
ANC34412HCA,394
SPEPIN,395
SLING51610,396
ZCLAMP,397
EFBOLT112,398
MFVP16,399
SUP126620T7,400
ANC346HCA,401
MANILLE434,402
SLING1230C,403
BARDEAUCEDRE,404
WASHER3878116Z,405
TUFSTUD0.45G,406
EFHUB230,407
MFP1052RO,408
LAGBOLT14212,409
MFP104RO,410
MFP0036RO,411
MFP1036RO,412
ROCMO8HDMT,413
MFG003,414
MFA0376G,415
GARCORBOUARCG,416
POUTRFB08,417
ROCMO8,418
MFB010G,419
PLYTRAPBAS10,420
PLYTRAPPE,421
TUBANC04,422
MFC072,423
MFG007,424
MFEC12G,425
MFT045G,426
MFT043G,427
MFVU24P,428
MFP003RO,429
MFP103RO,430
MFA7810G,431
PLY3447,432
DTRUSLE08,433
TRUSLED05N,434
MFEMOD648KIT,435
MFERMOD6_old,436
MAINMOD,437
BOLT12-138G5,438
ECROU12-13NLWZ,439
KITMOD48_old,440
MP-MARCHEMOD48,441
MP-LIMONMODD,442
MP-LIMONMODG,443
MFEMOD348KIT_old,444
MFERMOD3_old,445
GARCORMOD06,446
GARCORMOD05,447
GARCORMOD0310,448
MP-RAMPESCALU1MD,449
MP-RAMPESCALU1MG,450
MFEBAROTIND,451
MP-RAMPESCALU2MD,452
MP-RAMPESCALU2MG,453
PANCARTESEC,454
PANCARTERISQCHUT,455
PANCARTEPIETON,456
PLY3414,457
PLINTHE10,458
PLINTHE05,459
CHANBET,460
BETANEW,461
BETROLTOPASS,462
EXTELBET50,463
COIL3403P,464
COIL3402P,465
ANCRAGE8478,466
MECHE7816REBCUT,467
WBOLT584,468
PORTACC,469
SLING51605,470
POULIE10G,471
SUPJACPLA,472
COIL3401ES,473
PLY3422,474
EPI442,475
TUBANC12G,476
TAPISBLEU_VoirStocké,477
MFT054G,478
OMEGA88,479
TROLLE3MANI,480
OMEGAPID,481
PESECA,482
PESECA50,483
TIERAP0712N,484
TUBANC03,485
POU8KX,486
ANCRAGE12312PB,487
ALUMA15,488
CAA516100,489
SLING1202,490
COUETTEORA,491
BEAMCLA07,492
COILTIE10,493
SUPPORTROS,494
COILTIE08,495
COIL3401,496
SLING51602,497
TOI1030HD,498
GIZMO,499
TUAL20,500
MFRE001,501
TOI1520FAB,502
PLYTRAPKIT08,503
PLYTRAPBAS08,504
MFEMOD672KIT_old,505
KITMOD72_old,506
MARCHEMOD72,507
GARCORMOD07,508
TENDEUR1212,509
CAA716050,510
CLIP716,511
LAGBOLT384,512
TOISL-13100-FR,513
MOT301XE,514
EXTE100,515
COUET2711,516
COUET2721,517
ADAPGARCORROS,518
UHEAD,519
ALUATT,520
ALUMA07,521
MFVP18,522
CAA516025,523
TENDEUR3412,524
MFL020,525
SWCROCHETA,526
TIE050,527
TIE150,528
EXTE175,529
MFT035G,530
MFT303G,531
TIGEF12024,532
ECROU12-13P,533
PANIER1,534
SLING5802C,535
MFMJ03,536
PLINTHERO052,537
ISOTUY113166,538
SLABPLAQ,539
TIE225,540
TIE175,541
SLMDRJT051,542
CLEAC,543
MFMJB07,544
SLING51606,545
MFEC30G,546
S-SA-02-GE,547
M-S-SA-02,548
CORSAIA,549
F-FR-2A-PI,550
FORCARCERFRACO,551
ATTU114,552
TOI1020HD,553
PLYTRAPKIT10,554
EPI448,555
MFVP06,556
MFVP08,557
ALUUP5M,558
PLINTHE052,559
PLINTHERO04,560
SCAF3M12NC,561
SCAF3M50NC-ACHAT,562
SCAFTIE,563
E-3M-05-GI,564
M-E-3M-05,565
REVLOCFORINT-G,566
DT-FRALOCFOR-G,567
CT-FRALOCFOR-G,568
DT-FRAAMOFOR-G,569
CT-FRAAMOFOR-G,570
TUAL24,571
MFRM000,572
CHU36P,573
CHUGATE36,574
CHU36,575
CHU36T,576
TUAL07,577
ENROULEURRA30G/LE,578
ALUMA03,579
PLY3427,580
CORDGS050NK,581
ALUMA17,582
SCAF3M50VC,583
SCAF3M50VC-ACHAT,584
OMEGAPOKIT,585
PORTECLO,586
ARCHPORTACC,587
OMEGAPIHD,588
OMEGATECAST8,589
DTRUSLE07,590
MFW016-KIT,591
MFWP,592
MFWD,593
MFWCE,594
MFWEA,595
MFWROU16,596
ECROU1-8G2TNLWZ,597
E-3M-01-PI,598
M-E-3M-01,599
FORFRAKIL,600
F10030015,601
F13030018_OLD,602
F14030019_OLD,603
FBOZ-7305,604
F13030029,605
FK15590549,606
F15090184_OLD,607
F17490023,608
F20490050,609
FBOA-2025,610
FK19510039,611
FGOU-1120,612
F25490066,613
F19010034,614
FK15590550,615
F15090195_OLD,616
FK15590190,617
F20490195,618
F17490045,619
F15090050_OLD,620
FK15590066,621
F15090139_OLD,622
FK15590033,623
F15090106_OLD,624
FK15590167,625
F15090027_OLD,626
FK15590022,627
F17490012,628
F15090094_OLD,629
FK15590156,630
F15090016_OLD,631
FK13530024,632
FK21990045-2,633
F24010063,634
F23070125,635
F22010027,636
F21490017,637
FK21990034,638
F20490016,639
F20490410,640
FBOA-2008,641
F23040021,642
F23040032,643
F22010049,644
F22010050,645
F22010061,646
F22010072_OLD 22030074,647
F22010083_OLD 22030085,648
FSOUSBASE,649
POUSROCH,650
F19010045,651
F19510051,652
F20490038,653
F17490067,654
FK19510062-6,655
F20490544,656
F20490555,657
F20490072,658
F20490061,659
F20490162,660
F20490331,661
F20490342,662
F25490077,663
PANIERCHAKITO,664
TREUILKITO,665
ECHA16,666
F20490106,667
F17490034,668
F24010074,669
F15090038_OLD,670
F15090094,671
F13030018,672
F24010030,673
F20490768,674
F24020019,675
F15090195,676
F15090139,677
F15090050,678
F20491578,679
F14030109_OLD,680
EXTELBET45,681
EXTE075,682
M-MCRL5,683
M-MCRAL,684
M-MCRAR,685
M-MCRE,686
DEMICRINOLINE,687
M-MCRL3,688
BARHDROS,689
ANGSECUR,690
LIMONGAET,691
MOUSQ38,692
TIGEARM5848,693
GARCOR,694
F17490449,695
MFMJ07,696
F23070013,697
F23050033,698
F20491310,699
SEL10,700
F20490229,701
F15090106,702
AJOUT,703
BOYAUAIR34-02_VoirStocké,704
BOYAUAIR34,705
CAA516125,706
STYRO228,707
SWCOIN45,708
MFE086G,709
MFER086E,710
MFC084,711
F20490083,712
RACKPLAST,713
RACK,714
F98030033,715
FK15590055,716
F15090128,717
FK15590189,718
F15090049,719
F15090027,720
F15090184,721
F15090117,722
F15090038,723
F23070114,724
F21490028,725
F22020028,726
F14030019,727
OMEGAFIL6N-KIT,728
OMEGAFIL6N,729
RACKC,730
ROUETR6,731
PLINTHE03,732
POUPORTKIT,733
POUPORTVER,734
POUPORTHOR,735
POUPORTCOU,736
POUPORTPIN,737
CORDGS150NH,738
CORDGS150NK,739
PLINTHERO0310,740
PLINTHERO08,741
PLINTHERO06,742
PLINTHERO05,743
MADAC05N,744
UNIPOTROSSW,745
BOLT12-132G5,746
WASHER916138332WZ,747
LED04A,748
MADFIL0210,749
TENDEURCOIL3424,750
PR1.5MJSG,751
MFT053,752
BOOSTER13,753
TIE12075,754
TIE12030,755
BROCHE16,756
CLOUS12,757
EFCOS12,758
EFCOS6,759
COIL34020P,760
DTRUSLE21,761
CAA516250,762
CAA12075,763
MANILLE612,764
BOLT34-10212G8YZ,765
SNATCHBLOC4,766
SUPMOTLED,767
ROLBUM10C,768
PLAQT7,769
TELMOTTIR125,770
MECHEW588,771
S-SA-01-PE,772
M-S-SA-01,773
MFRM360,774
MFP002RO,775
BETASCOP,776
TELBETA,777
BETAPOST,778
EXTTELMOTTIR150,779
BROCHE9-25,780
LAGBOLT38312,781
GOUPIL,782
SLMDRJT02,783
SLMDRJT06,784
MFMJB08,785
MFM05C,786
SLING51604,787
TUBANC02G,788
MFEB30G,789
CAA516175,790
F10060018,791
F12490118,792
FK13530046,793
F13030041,794
F20491567,795
F19010034-6,796
LAGBOLT38512,797
LAGBOLT388,798
MFVT32-36,799
SCAF3M45N,800
SCAF3M45N-ACHAT,801
02A28,802
EFCOHUBUS,803
EFBOLT3,804
EFBOLT4,805
SCREW-LOCS,806
TIR516T508D,807
DROPST,808
POIGNEE516,809
TENDEUR3418,810
MONORAILARRET,811
TIGEF12012,812
STABSWING,813
SUPADASWI,814
TIR58T532,815
POIGNEE58-716,816
CAA58060,817
COIL3412P,818
EFCOS6US,819
COILTIE16,820
BAS386616T4,821
EFCOS3US,822
SUP126616T7,823
MFP011MTSC,824
FK10560080,825
FBOA-2032,826
F98030257 OLD,827
F98030246,828
F20490645,829
F17490326,830
F17490281,831
FK14530092,832
F14030110,833
FBOA-2072,834
MFEB50G,835
MFMB08C,836
EXTE100120V,837
COUET2621,838
EXTE025,839
FK10530010,840
F98030077_OLD,841
F98030033_OLD,842
F25490099,843
F20490252,844
FK20990088,845
FBOA-2029,846
F20490117,847
CAOU343818,848
CAA516200,849
FK15590088,850
FK15590044,851
FBOA-2030,852
F23070103,853
BOLT58-11212A325N,854
FK15590178,855
MFM03C,856
PR3MJSG,857
MADFIL08,858
ALUMA11,859
ALUBOUT,860
COIL3407P,861
SLING1206,862
PR2MJ,863
COIL3406P,864
RUBDTGRIS,865
MFEB40,866
SCAF3M50NC,867
PR1.5MGT,868
GYPSY3600R,869
MFEB20G,870
E-3M-05-XE,871
E-3M-05-PE,872
EXTELBET25,873
COUET9965C,874
ANCRAGE14214H,875
WBOLT143,876
COIL3404P,877
SLING1206C,878
ROLBEAMW,879
SP240,880
SP241,881
COUET2411,882
BOLT12-132G8YZ,883
SLING51608,884
MANILLE812,885
SLING1216C,886
SLING1218C,887
SLING1212C,888
POTREG003,889
ATTU112,890
PLY3438,891
PLY3417,892
MARCHEALL12,893
S-SA-03-PE,894
M-S-SA-03,895
SCAF4M50N,896
EPI242,897
SERREC8,898
SERREC3,899
CAA516350,900
BSDOUBLE_OLD,901
BANNIERE1980,902
F20491321,903
F20491400,904
KOMETWB58PF_old,905
HARNAISAC032/P2,906
LANIEREC1104G/E4,907
BOYAUAIR34-06_VoirStcoké,908
SCAF3M12VC,909
PLY3402148,910
MFVPEFCO24P,911
CAA516275,912
TIE075,913
BOOSTERTRANS,914
PLYCOINROS,915
S-SA-01-PI,916
E-C-20-GE,917
M-E-C-20,918
E-C-20-XE,919
FORFRATEM,920
FK10530086,921
FBOA-2080,922
FKAEACT8,923
F20490263,924
F19010056-old,925
ADAPTENDRENF,926
F15090049_OLD,927
F15090128_old,928
F14030109,929
WBOLT586,930
E-3M-03-PE,931
M-E-3M-03,932
MFP1022RO,933
OMEGAROU5_old,934
ROU5ERECI,935
POTREG001,936
GARCORMOD052,937
GARCORMOD03,938
ANCRAGE38214,939
MADFIL0306,940
BOLT12-13114Z,941
RUBANANTIDERAP660,942
BAGUEROS,943
PR1.6MCOURBE,944
B2GIRDROS,945
B2ENTREDEUX,946
BEAMCLA10,947
PR2.5MJSG,948
POTENCEG,949
ANCBASCOLFIX,950
BARPINPLAT,951
FLEXI,952
MFG10J,953
MFG07J,954
GARCORMOD10,955
GARCORMOD08,956
TRUSLED04,957
EFBOLT5,958
ESCA10,959
CABTRU08,960
ALUMA28,961
PLAQALU144896,962
VISBOIS10114CP,963
BITR2,964
VISTEK1024112,965
ROCMO8HD_old,966
ACROCROU,967
ACROTDOLLIED,968
ACROTPOU10,969
MFP003,970
TIERAP075,971
ECROU1213TNL,972
MFMJB03,973
POU001,974
POTENCESWLG,975
MFEC40G,976
TUAL15,977
WBOLT344,978
SLING51612,979
PLYTRAPKIT07,980
PLYTRAPBAS07,981
MAILLEP14,982
SUPPORTPF4,983
ESCALU626,984
PR2MGT,985
CAA12150,986
MFP103,987
OMEGASTABG,988
SWCAGEAD,989
PLYTRAPKIT06,990
PLYTRAPBAS06,991
S-SA-01-GI,992
SLSADDLESCAFTRAC,993
60-21,994
DTRUSLE28,995
RACKCAGE,996
MFRAROSWMA,997
TIE020,998
S-SA-05-GI,999
M-S-SA-05 - ERREUR,1000
POTENCEDAVITARM,1001
LED048,1002
TROLLE1MANI,1003
PR.5MGT,1004
MFMB06C,1005
MFPB10GS,1006
KITTOUR558110,1007
PLAN,1008
MFMJB09,1009
KITTOUR454090,1010
MFMJB05,1011
PR3MGT,1012
F98030077,1013
ANCRAGE12234PB,1014
MFW026-KIT,1015
MFWROU26,1016
MFWCB26,1017
MFWCCAP,1018
MFWCHUB,1019
MFWCSEA,1020
MFWCN12,1021
STYROFOAM,1022
WASHER716116WZ,1023
SWMOD35,1024
SWPLAQMOD35,1025
BOLT716-145G8,1026
ECROU71614NL,1027
COIL3404ES,1028
FK14530069,1029
FBOA-2090,1030
ATTECHELL,1031
S-SA-03-PI,1032
DTRUSLE17,1033
DTRUSLE18,1034
LED024,1035
MFG008,1036
B2ADAPGARROS,1037
LED018,1038
ACROTJOINER,1039
ACROTSUPBOU,1040
S-SA-05-PI,1041
MFG006,1042
POU002,1043
EFCOS15,1044
EFCOS3,1045
COUETTENOI,1046
POU1014M,1047
GYPSY3000J,1048
CHU18,1049
AL-LOT0040,1050
AL-LOT0041,1051
BACUL,1052
POTREG004,1053
POU126G,1054
RONDELLE,1055
CAA12125,1056
MFL038,1057
TIE250,1058
CORDGS200NK,1059
FK15560029,1060
FK15560018,1061
WBOLT588,1062
CAA12060,1063
CAA12040,1064
COIL1202,1065
COILNUT12,1066
WASHER121516332Z,1067
LAGBOLT38212,1068
COIL34032P,1069
SLEFHUB230,1070
SLEFCOS3,1071
SLEFCOS6,1072
EFCOJACK,1073
FERA14236T2,1074
TUBANC01G,1075
VISBETON14234,1076
ANC383HCA,1077
ADAPROSJ,1078
CAA12200,1079
MFER086I,1080
RUBANANTIDERAP260,1081
WBOLT583,1082
KITPLAQSUSPENTE,1083
ECROU34NL,1084
WASHER34P,1085
SLINGV4176/R,1086
EQUALFA7,1087
HY200-R,1088
EQUALFA7-POSTSOC,1089
EQUALFA7-BUMPER,1090
EQUALFA7-TIGE,1091
EQUALFA7-TUB142416,1092
COIL12028,1093
SLING51620,1094
BOSUN,1095
BOYAUCLAIR716,1096
EFCOPANHIN,1097
PLYTRAPKIT05,1098
PLYTRAPBAS05,1099
ANCRAGE12212AS,1100
MFM07C,1101
MADAC04N,1102
CAA516030,1103
SUPCABDAL,1104
BOLT12-13212A325N,1105
ECROU12A325,1106
WASHER12138332YZ,1107
SUP126616T5,1108
FERATUBANC,1109
BOLT38-16212G5Z,1110
ECROU38-16NL,1111
WBOLT124,1112
SWPL1.5M,1113
SLALUUPSWPP,1114
ALUATTD_ old,1115
DTRUSLE20,1116
PLAQALU184896CP,1117
MADFIL0310,1118
MFSRMOD148,1119
ECROU34-102H,1120
PLAANCPFV38317T2,1121
MFERMOD3,1122
ALUATTND,1123
OMEGAFIL6B,1124
LINER36,1125
EPI446,1126
CAA12175,1127
BLOCSTOPD,1128
EXTELBET85,1129
CAA12030,1130
MFVP10,1131
AL-Q3000,1132
AL-F4000,1133
AL-F4001,1134
AL-B0001,1135
AL-P0001,1136
20180119-0032A001,1137
AL-O0000,1138
AL-C0002,1139
AL-A0000,1140
AL-L0002,1141
CAR-CRA700000,1142
AL-D0001,1143
AL-P0100,1144
AL-Q3003,1145
AL-F4004,1146
$MFA0576,1147
AL-LOT0043,1148
PR.5MJSG,1149
PR1MJSG,1150
ADAPGARCORROSD,1151
F22030096,1152
PLAQVARI,1153
F20491488,1154
BEAMCLA14,1155
BOLT34-102A325G,1156
CAA516450,1157
SLING1203,1158
TIE010,1159
MOUSQP259Z,1160
OMEGAFIL8N-KIT,1161
OMEGAFIL8N,1162
RACKRESERVOIR,1163
TIE040,1164
TIRVITF2,1165
MFERMOD6,1166
MFEMOD348,1167
MFEMOD372,1168
SLING1205,1169
SWCAGE,1170
COUETTEVER,1171
MANILLE41258US,1172
CORBEAU,1173
WBOLT126,1174
BOYAUAIR34-03_old,1175
MFEB40G,1176
MFEC60G,1177
MFEB60G,1178
OMEGAFIL6B-KIT,1179
EXTE150120V,1180
BOYAUAIR34-03_VoirStocké,1181
WBOLT345,1182
MDRJT076,1183
POU106,1184
S-SA-02-PI,1185
S-SA-02-GI,1186
POU1214MG,1187
POU1614MG,1188
POU1014MG,1189
MFMJB06,1190
EPI444,1191
@MFVP24,1192
M-MPP719_old,1193
PLAQ382128,1194
S-SA-03-GI,1195
MFEB12G,1196
SUP126616T6,1197
MFA057G,1198
OMEGARDJ_OLD,1199
FERAA22316,1200
EXTE020120V,1201
BARIL24,1202
CORLUN,1203
SCAFTIEBLANC,1204
CORDGS300NK,1205
MFVP14,1206
PARAPET22A,1207
S-SA-01-XI,1208
SWCOIN90A,1209
ANCRAGE586H,1210
LAGBOLT14112,1211
WASHER516,1212
ECHA20,1213
KITMFA0510G,1214
SLING1204,1215
#MFVP24,1216
PLAQ3821216T3,1217
FORFRA,1218
FORCARCER,1219
BOYAUAIR34-06_old,1220
BOLT58-2A325G,1221
POTREG000,1222
COIL3405P,1223
TIESCR341712T4,1224
PALETTE4048_OLD voir stocké,1225
AL-T0102,1226
RIVET14114,1227
VISTEK81,1228
FERAA1118,1229
MFG10G,1230
MFG05G,1231
BLOCBET2,1232
TENDEUR5812,1233
CAA00516A,1234
MFP010EXP,1235
SLING1207,1236
CAA12015,1237
LAGBOLT38112,1238
TIGEARM5836,1239
PLY3428STYRO,1240
SLING1210,1241
BIND116W,1242
E-C-11-INSPEC-GE,1243
M-E-C-11-INSPEC,1244
CLOUS314,1245
CLOUS2,1246
KEEKLAMPRK680,1247
KEEKLAMPRK605,1248
KEEKLAMPRK620,1249
MT-HOL-8020,1250
MT-HOL-8030,1251
MT-HOL-8040,1252
MT-HOL-8150,1253
MT-HOL-8610,1254
MECHE1210SDS+,1255
SWIA1159,1256
PLAQSUS380326,1257
MONORAILJOINTKIT,1258
MONORAILARRETKIT,1259
ROCMO8D,1260
STRAPBINDER3033C,1261
SLING1216,1262
TOI0530HD,1263
TOI0730HD,1264
PEIIFLARET,1265
LAGBOLT386,1266
TIR516TU17,1267
BOOSTER,1268
LONCASSEC,1269
LONOUTLM19012,1270
OMEGAFIL8V-KIT,1271
OMEGAFIL8V,1272
TOI0720HD,1273
VISPLAN8212YZ,1274
S-SA-02-PE,1275
BAYB04N,1276
ALUMA02,1277
SUSLAT,1278
ENROULEURT1T100G,1279
HBEAM30-66,1280
BOLT38-16312G5Z,1281
WBOLT346,1282
SUP126620T5,1283
MFVUDALU24,1284
VISBOIS82TCRYZ,1285
SWCOIN15,1286
SWCOIN30,1287
EXTE250GEN,1288
BAYB01,1289
VISBOIS83TCP_old,1290
COIL3403ES,1291
SUPEFCOBETANEW,1292
KITROLBUMSUPADA,1293
CORDGS250NK,1294
SW3MOD32,1295
WBOLT125,1296
ANCRAGE12512H-KB3,1297
RUBANCON2,1298
PLAQALU141224CP,1299
MFSRMOD172,1300
E-C-30-PI,1301
COIL12016,1302
MFP010M24,1303
MFP007M24,1304
ALUUPUHEAD,1305
MAINLEDGER,1306
BARLED,1307
PALETTE3247,1308
EXTTELMOTTIR200,1309
DROPIN34CT,1310
MFEC50G,1311
CHIENNETBXXXL,1312
PR4M,1313
MFVP24SP,1314
TUBANC08,1315
POU1214M,1316
SLMDRJT04,1317
SLMDRJT076,1318
PLY3416,1319
EPI2410,1320
E-3M-02-GI,1321
CAA716040,1322
TIGE12024,1323
WASHER12114332Z,1324
CAA516060,1325
SLING1208,1326
WASHER121116332WZ,1327
PLAQ3160204,1328
F-ADJ200,1329
F-FRA0715L,1330
F-FRA0710L,1331
F-BRAD24,1332
F-PBRA0724,1333
TUB33.25,1334
FERAA11211214,1335
POTEZ3,1336
POTEZ2,1337
POTEZ4,1338
SLM-MCRAL,1339
GENERATRICE,1340
ESCALU628,1341
RUBDTROUGE,1342
VISPLAN8134YZ,1343
VISTEK12242,1344
PLAQALU31660120CP,1345
ECROU34N,1346
MT-AC-MP-03-12-021,1347
MT-AC-MP-03-12-060,1348
MT-AC-MP-03-12-066,1349
MT-AC-MP-03-12-072,1350
MT-AC-MP-03-12-075,1351
MT-AC-MP-03-12-078,1352
MT-AC-MP-03-12-081,1353
MT-AC-MP-03-12-084,1354
MT-AC-MP-03-12-087,1355
MT-AC-MP-03-12-090,1356
MT-AC-MP-03-12-093,1357
MT-AC-MP-03-12-096,1358
MT-AC-MP-03-12-102,1359
MT-AC-MP-03-12-114,1360
MT-AC-MP-03-12-120,1361
MT-AC-ST-ST-24-30,1362
MT-AC-ST-TR-48-30,1363
MT-AC-TB-0600-0200-1200,1364
MT-AC-TB-0600-0200-2400,1365
MT-AC-TB-0600-0200-3000,1366
MT-AC-TB-0600-0200-3600,1367
MT-AC-TB-0600-0200-4800,1368
MT-AC-TB-0600-0200-6000,1369
MT-AC-TB-PL-0400-0200-090,1370
MT-HG-S-06-06-06-AS,1371
MT-PA-06-06-0200-090,1372
MT-PA-06-12-0200-000,1373
MT-PL-S-12-24-000,1374
MT-PL-W-06,1375
MT-TR-03-03-144-ST,1376
MT-TR-06-06-036-AL,1377
MT-TR-06-06-048-AL,1378
MT-TR-06-06-108-AL,1379
MT-TR-12-12-006-AL,1380
MT-TR-12-12-012-AL,1381
MT-TR-12-12-024-AL,1382
MT-TR-12-12-036-AL,1383
MT-TR-12-12-048-AL,1384
MT-TR-12-12-060-AL,1385
MT-TR-12-12-072-AL,1386
MT-TR-12-12-084-AL,1387
MT-TR-12-12-096-AL,1388
MT-TR-12-12-108-AL,1389
MT-TR-12-12-120-AL,1390
MT-PL-W-12,1391
MT-AC-HC-WYE-S-0150,1392
MT-AC-HC-TES-F-0150,1393
MT-AC-HC-CNR-S-0150,1394
MT-AC-HC-INT-S-0150,1395
MT-AC-HC-INT-F-0150,1396
MT-AC-HC-INS-F-0150,1397
MT-AC-HC-ELT-S-0150,1398
MT-AC-HC-ELT-F-0150,1399
MT-AC-HC-ELB-F-0150,1400
MT-AC-HC-TEE-F-0150,1401
MT-AC-HC-PNH-F-0150,1402
MT-AC-HC-CAP-F-0150,1403
MT-PL-SP-12-12-0025-AL,1404
MT-PL-SP-12-12-0050-AL,1405
MT-HW-BS-0250-GR8-132,1406
MT-HW-BS-0125-GR8-132,1407
MT-HW-TB-RND022102013901580008,1408
MT-AC-PD-4800-0750-0375,1409
MT-HW-UBC-0200-0300-122,1410
MT-HW-TBRND02210201390158-0009,1411
MT-HW-BS-0200-GR8-132,1412
MT-AC-PD-6000-0600-0400-L,1413
MT-HW-BT-CAR-SQU-GR2-0150-132,1414
MT-HW-WS-WZ-1116H-58B,1415
MT-HW-NT-HEX-WZ-5811,1416
MT-HW-BT-HEX-HEX-GR5-0025,1417
MT-HW-NT-HEX-WZ-1420,1418
MT-HW-WS-WZ-516H-14B,1419
MT-CS-PT-CT,1420
MT-CS-PT-QE,1421
MT-CS-PT-LT-6261,1422
MT-HW-LW-WZ-38,1423
MT-HW-WS-WZ-716H-38B,1424
MT-HW-BT-HEX-HEX-GR8-0125-132,1425
MT-HW-NT-HEX-HEX-GR8-132,1426
MT-HW-WA-SAE-0008-0068-0131ZIP,1427
MT-LOT0006,1428
MT-LOT0007,1429
MT-LOT0008,1430
MT-HW-LW-YZ-58,1431
MT-LOT0016,1432
DEPL1213F,1433
FUTSC.M9F22102,1434
FUTWE.1050000000,1435
FUTWE.1020100000,1436
FUTSC.ZCKY43,1437
FUTSC.ZCKE05,1438
FUTSC.ZCKJ1H7,1439
FUTSC.ZB4BZ101,1440
FUTSC.ZB4BG2,1441
FUTEX.5100 ESCH121006,1442
FUTBU.MDA-20-R,1443
FUTCA-ALPO-1000-0-6,1444
MT-LOT0015,1445
MT-LOT0017,1446
MT-LOT0012,1447
MT-LOT0013,1448
MT-LOT0014,1449
MT-LOT0009,1450
MT-LOT0010,1451
BASECOLL,1452
BAYB016,1453
CAA516400,1454
POU0814MG,1455
MFB010LD,1456
E-C-11-INSPEC-PI,1457
E-3M-03-GI,1458
E-3M-03-PI,1459
LAGBOLT382G,1460
GARCORBOUARC,1461
PALCHA10-1TON,1462
MDRJT02,1463
SLING51607,1464
MFEC20,1465
MFP010A,1466
AL-K3013_old,1467
AL-F3001,1468
AL-G3000,1469
AL-D0002,1470
AL-B0002,1471
AL-P0002,1472
AL-G4101,1473
AL-J0001,1474
TUBANC05G,1475
BINDER13430,1476
PANIER23,1477
PLINTHE04,1478
TROLLE2MANI,1479
FBOYHYDACT8,1480
ROLBUM10CSA,1481
RIVET1438,1482
ROSETTE,1483
PANCARTEVALEUR,1484
AL-RSTHR06,1485
AL-RSTHR05,1486
AL-RSTHRB05,1487
AL-RSTHRB02,1488
AL-RSTHRB01,1489
AL-RSTHRB04,1490
AL-RSTHRB06,1491
AL-RSTHRB03,1492
AL-RSTHR01,1493
AL-RSTHR04,1494
AL-RSTHR02,1495
FK14530070,1496
F28491161,1497
TAPISBLEU-VARI,1498
PORAJUORAROS,1499
MFT163,1500
F15090016,1501
PINCE2T,1502
#MFVP24P,1503
PLY3848,1504
MFT054,1505
MFT055DG,1506
PLAQALU144896CP,1507
PENTURET06,1508
ECROU14-13P,1509
BOLT14-20114CWZ,1510
MFSRMOD248,1511
FERAANCTUB16,1512
MFMB07C,1513
F-TB24,1514
F-TB12,1515
F-TBBRACK,1516
F-DH24,1517
F-DP24,1518
SLPOT000,1519
SLPOT001,1520
PLINTHE07,1521
PLINTHE08,1522
BAYB1M07,1523
OMEGA85,1524
OMEGA64,1525
EQUEROS52HD,1526
MFPTRA0728,1527
PLAQALU1460120CP,1528
SLALUUP5M,1529
SLCLEAC,1530
SLGOUPIL3161916,1531
GEOMEM545,1532
FORFRAPEN,1533
FORFRADIV,1534
#AL-C0002,1535
SLALUUP4M,1536
PLY3448T,1537
GYPSY3000R,1538
BASFRACOEFCO,1539
MT-TR-06-06-006-AL,1540
BSDOUBLE,1541
OMEGA87,1542
ALUUP2M,1543
EXTE050,1544
CORDGS250NH,1545
GOUPILLD,1546
CHUFLAP36,1547
RIVETA31658,1548
TIE125,1549
EXTE750,1550
POU126,1551
FK10530212,1552
BAYB1M052,1553
MT-HW-BS-0150-GR8-132,1554
MT-TR-06-06-072-AL,1555
MT-TR-06-06-084-AL,1556
MT-TR-06-06-096-AL,1557
MT-TR-06-06-024-AL,1558
MT-TR-06-06-120-AL,1559
MT-PL-S-06-12-090,1560
MT-PL-SP-06-06-0025-AL,1561
MT-PA-03-06-0200-000,1562
MT-MR-UM-0250-0250-90,1563
COSSEHD5/16,1564
ESCA08,1565
POT001,1566
MFR362,1567
MFR002,1568
COMKOMETWB58F,1569
IBEAMWAJAX,1570
EXTE125,1571
WASHER58112332G,1572
POT000,1573
MFPG032,1574
VISM101TR,1575
BAYB1M10,1576
MFG07G,1577
RUBAN-DANGER-R,1578
CONESEC,1579
SUPFILPRO,1580
MT-JH-02-06-090,1581
MT-PL-S-06-12-000,1582
MT-TR-06-06-012-AL,1583
MT-MR-UM-CB-0232-0232-0016-090,1584
MFT165,1585
BOLT34-10212A325N,1586
TIESCR3406T4,1587
MT-TR-06-06-060-AL,1588
CAA516500,1589
VISBOIS82TFPTZ,1590
WASHER1Z,1591
ANCRAGE58512KH,1592
EXTELBET250,1593
RESSORTGARCOREXT,1594
SLING1207C,1595
TENDEUR51645,1596
MFM01C,1597
PANCARTELOGO188,1598
F22030074,1599
F19010034-5,1600
MFSRMOD272,1601
SLRAMESCEXT64,1602
SLRAMESCINT64,1603
EXTELBET100,1604
MFP007A,1605
TIESCR3412T4,1606
TUB142212T4,1607
COIL3408P,1608
GLISECGTOG,1609
GLISECBOLT,1610
GLISECBOUT,1611
PLAQ3855TR1316,1612
CROPARTYPEAMOD,1613
CROSECGTOGMOD,1614
GLISECECROU,1615
ESCA06,1616
LED014D,1617
MFP0127SC,1618
LAGBOLT126,1619
SLING1205C,1620
STYRO128,1621
OMEGAFIL6V-KIT,1622
OMEGAFIL6V,1623
ADAPROS12HD,1624
SLALUUP3M,1625
COMKOMETWB58PF,1626
POT002,1627
VISBOIS121TCPWZ,1628
CORDGS100NK,1629
SUPEFCO26,1630
SLINGV4173,1631
ATTU1,1632
CAPUCHBLEU,1633
ANCMOBGRI,1634
REVCON,1635
REVSAL,1636
REVCLER,1637
REVPROF,1638
BOLT12-13312G5,1639
EPI4412,1640
EPI448D,1641
BROCHE9G,1642
SLING51615,1643
EXTELBET65,1644
KITTOUR555030,1645
KITTOUR558065,1646
SWJOINT22.5G,1647
SWJOINT22.5P,1648
SWJOINT22.5PL,1649
OMEGAROU4,1650
EP-LOT0020,1651
EP-LOT0021,1652
EP-LOT0022,1653
CHAMON3660A,1654
VISPLAN82YZ,1655
SLING1212,1656
MFP1010EXP,1657
F22030085,1658
F22030029,1659
F22030018,1660
SUPSWITCH,1661
ANC3410HCA,1662
F23040010,1663
F20490184,1664
BOLT12-132G8YZ-FT,1665
BOLT12-136G2Z,1666
#MFP010,1667
LONGPLA0310,1668
POULIE12A,1669
POLALUMON,1670
BETALEO,1671
DOUROP70-2,1672
TIE030,1673
TUFSTUDMULHUBG,1674
FK10530379,1675
ROU12HDROS,1676
GCA-MTCL,1677
AL-A0050,1678
GCA-MTCE,1679
VISMA143TH,1680
WASHER516916116G,1681
WASHER51634116WZ,1682
GCA-MTB,1683
GCA-MTS04,1684
GCA-MTS03,1685
GCA-MTS02,1686
BAYB1M04,1687
COIL3410P,1688
SUPPLA08,1689
TUFSTUDHUBG,1690
GCA-MTCH,1691
GCA-MTS01,1692
GCA-NM20Z,1693
BOLT12-133A325G,1694
POLYTHENE20100F,1695
MECHE3810SDS+,1696
TOI0520HD,1697
PLAQ120808T9S116,1698
ANCRAGEB31110,1699
COIL106,1700
COILNUT1,1701
BOYAUAIR34-10_old,1702
#ATTECHELLG,1703
MFL010,1704
COIL104,1705
BOYAUCLAIR12,1706
@GARDEQUERG,1707
LINER23,1708
GCA-KITBASPOT,1709
GCA-MTBA,1710
GCA-MTS01A-2,1711
MFC101,1712
EPI2605,1713
EPI2606,1714
GCA-MTCT,1715
BARILSEC,1716
BARILSECPESE,1717
MFC073,1718
EPI246,1719
MFT055CG,1720
AL-Q0106,1721
CROCHETCH,1722
EPI148,1723
BOLT12-13312A325N,1724
#AL-J0001,1725
AL-P0101,1726
AL-G3101,1727
AL-F3000,1728
BOYAUAIR34-02,1729
ANCBASCOL,1730
CNALUUP5M,1731
KITTOUR555025,1732
LATHE96,1733
TIE12050,1734
LAGBOLT123,1735
ALLESURFDS,1736
ROLBUMMOD125,1737
MECHEW1464,1738
BOYAU050,1739
BOLT34-10214A325G,1740
MFT035,1741
MFT055,1742
COIL1212,1743
PR1MGT,1744
SLALUUP2M,1745
RUBAN-ATTENTION-J,1746
ANCRAGE383PB,1747
MECHE3812SDS+,1748
ROUEF12EFCO4T,1749
PLAQ12133T2,1750
MT-HW-BS-U-0200-171,1751
SLMDRJT026,1752
WBOLT123,1753
STRAPBINDER230C,1754
MFRE00E,1755
LAGBOLT123G,1756
MT-PLAQVERMOD,1757
MT-PLARACGAR,1758
MT-PLAQVERMOD12,1759
CHAPNEU2448,1760
FERAANCTUB7,1761
TUAL008,1762
COLLEPL,1763
ADAPSTU,1764
MFVP12P,1765
PLATUYALU,1766
AL-RSTHR03,1767
EXTTELMOTTIR075,1768
ENROULEURRT100G,1769
ATTMONO,1770
PLAQ1224,1771
LANIEREC506Z/E4,1772
ROLBUMMOD46,1773
POU0614MG,1774
GCA-MTCP,1775
GCA-MTCF,1776
GCA-MTCW,1777
TUAL11,1778
VISBETON316134,1779
GCA-MTWLW8,1780
GCA-MTWLF,1781
GCA-MTCWL,1782
M-MLSCC,1783
SEL20,1784
EFCOS18US,1785
SUP124615,1786
PLAQALU141248CP,1787
MFG05J,1788
BINDER230F,1789
ALLESURNUIT,1790
BOLT38-16114CWZ,1791
EYE12,1792
BOLT12-13112G5WZ,1793
MFRMSW582,1794
SLFK26510251,1795
SLF25490055,1796
SLF26010010,1797
SLF26010065,1798
SLF26010100,1799
SLFFOD-1520,1800
SLFGOU-1120,1801
EYE38,1802
EXTE050120V,1803
POCHESAS,1804
ANC124HCA,1805
HARNAISAC032,1806
LANIEREC1104Z/E4_OLD,1807
FRAGOU-3225,1808
FRA28070951,1809
KITTOUR555060,1810
BIND330F,1811
F15090151,1812
F15090072,1813
F20490690,1814
F20490689,1815
FBOA-2085,1816
ECHLAD12T2,1817
BET40-54,1818
BET40-55,1819
SUPHSS30,1820
COIL12020,1821
GAZALEMAX,1822
BAXSTRAPI,1823
BAXCOUR,1824
TREPIED7-50KIT52,1825
T2S50G,1826
T3F7,1827
MOUSQPM11Z,1828
K3040102,1829
SUPPORTT90B4,1830
SACXB15105,1831
ANC385HCA,1832
#MAXIP660A,1833
GARDALU,1834
MAXIP660A,1835
ANCRAGE12234,1836
COIL1201,1837
HY200-A,1838
MT-HW-NB-1050-0125-132-04,1839
MT-TR-03-03-060-ST,1840
POT003,1841
AL-K3019_old,1842
AL-O0002,1843
SLING1208C,1844
KITTOUR557100,1845
MAILLEP516,1846
BINDER230C,1847
PALCHA20-1TON,1848
ACROTPOU12,1849
GARCORMOD0202,1850
ECROU38-16TNL,1851
AL-G3002,1852
AL-G4100,1853
#AL-B0001,1854
#AL-P0001,1855
AL-T0100,1856
AL-C0005,1857
ALUUPSWPP,1858
LAGBOLT122,1859
TUAC03,1860
CHANNELUNIT,1861
CHANNELUNITBOLT,1862
POTEZ1,1863
VISBOIS82TCRWZ_old,1864
VISBOIS8112TCP,1865
MT-PLATUBPOTROS,1866
KITTOUR555070,1867
@MFPB20G,1868
TUY1.9.188,1869
$MFPB20,1870
EPI466,1871
BOLT58-11412G5N,1872
CROBOUDAL,1873
GIRDERCS1658,1874
GIRDERCS21,1875
@EQUEROS24,1876
OMEGAFIL8B-KIT,1877
OMEGAFIL8B,1878
SW3MOD32C,1879
TIERAP11N40,1880
MANILLE112,1881
KITTOUR555020,1882
OMEGAE16,1883
COIL1203,1884
REVDIV,1885
GCA-KITLABP,1886
GCA-MTWLC8,1887
GCA-MTS01A-1,1888
SCAWRE1922E+,1889
MFVP24PSP,1890
KITCLO88SSP,1891
MFMJ16,1892
SPOST,1893
CABTRU12,1894
CABTRUJOINT,1895
MFP0036A,1896
EXTTELMOTTIR225,1897
F24020019-80,1898
F23070103-110,1899
FK19510062-8,1900
FK20491310-BS5,1901
FK19510062-7,1902
MT-HW-NB-1050-0125-128-04,1903
MT-HW-BS-0100-GR8-132,1904
MT-HW-BS-0400-GR8-132,1905
PANCARTELOGO11,1906
MARTEAUCH20,1907
RUBAN25E+,1908
MATISO12x24,1909
MFMJ09,1910
MFM040C,1911
FGOU-5020,1912
WASHER34G,1913
FERANANC3T,1914
FERANBAS3T,1915
TAPISBLEU-PI/CA,1916
POT004,1917
BOYAUAIR34-08,1918
GCA-KITLAC,1919
PLY3448IGNI,1920
TPOST,1921
KOMETD5802Z/E4,1922
PR.5M2RSG,1923
PR.66MSG,1924
CABESTAN,1925
ATTCAB,1926
PEDALECAB,1927
BMA-124,1928
M-MC48120BONC,1929
VISMA81ATRC,1930
VISMA812TH,1931
MFM018C,1932
BOLT12-13812G5,1933
CNMFHD44,1934
CNMFHDVERIN,1935
CNMFHDPBASE,1936
CNJHEAD,1937
EXTELBET200,1938
KITCLO68SSP,1939
GARCORMOD0306,1940
SLING204P,1941
CHU18P,1942
CHUGATE18,1943
LANIEREC126H/E4,1944
SECURIPIED,1945
BARILBLEU,1946
SCAF3M45V,1947
SCAF3M45V-ACHAT,1948
BOYAUAIR34-06,1949
BOYAUAIR34-03,1950
PR.33MSG,1951
MFP010CAILB,1952
RACKCM,1953
SUPRAILEFCO,1954
LAGBOLT58312,1955
GCA-MTBNC,1956
TUAC08,1957
ACROTDOLLIEO,1958
ACROTBARRURE,1959
SLING210P,1960
RALANND,1961
RESSORT,1962
MFL038212,1963
WASHER34178332G,1964
VISPLAN8112YZ,1965
VISPLAN8312YZ,1966
ADAPGARDESCC,1967
TIR58TU32,1968
CAA58100,1969
CLIP58F,1970
AL-C0000,1971
AL-J0002,1972
DISQ384142,1973
FERAANCTUB8,1974
#POT002,1975
ALUUP1.2M,1976
PP-FBBFP,1977
PP-MROPL,1978
PP-MROPR,1979
EFCOOEIL03501,1980
EFCOTIEBEA07501,1981
GCA-MTC4L,1982
GCA-MTC4E,1983
SLING212N,1984
GCA-MTKITCS36H,1985
GCA-VB-TF1/2X32GV,1986
GCA-VB-TF1/2X26GV,1987
GCA-VB-WL1/2GV,1988
GCA-MTHBR,1989
GCA-VB-N1/2GV,1990
BOYAUAIR34-10,1991
SLMFHD46,1992
SLMFHDVERIN,1993
SLSB06,1994
SLSBTP,1995
SLSBAB,1996
SLJHEAD,1997
SLBASEPLATEHD,1998
SLGOUPILHD,1999
BANNIERE8460,2000
OMEGAJOW,2001
E-C-35-PI,2002
RESSORT-PORAJUORA,2003
MFHD46,2004
SLMFHDPBASE,2005
SLMFC104,2006
FK20490645,2007
MFRMSW155,2008
TUAC06,2009
BAYB018,2010
BOYAUCLAIR34,2011
POU0614M,2012
OMEGAJ5276,2013
GBY-J3-10BK,2014
TOISL-74136-FR,2015
PLINTHERO026,2016
MCT-PG193936,2017
MCT-PG148191,2018
MCT-PG149642,2019
MCT-PG149831,2020
MCT-30000620,2021
MCT-30000559,2022
MCT-PG188660,2023
MCT-PG149900,2024
MCT-PG150008,2025
MCT-PG150170,2026
MCT-10010778,2027
MCT-30001231,2028
MCT-PG150429,2029
MCT-PG193893,2030
MCT-4/4AWGSOOW61M,2031
MCT-PG146100,2032
LAGBOLT516112,2033
SLMFC044,2034
CORDGS400NK,2035
EPI1312,2036
T90B5,2037
GCA-MTCLD,2038
TUAL21,2039
TUAL17,2040
VISTEK14112H,2041
GCA-VB-TF1/2X38GV,2042
PORTEACC,2043
TENDEUR1209,2044
HOARDF83,2045
SLING1204C,2046
BOYAUCAOUTCHOUC2,2047
ALUATTAP,2048
SLING7807C,2049
WBOLT348,2050
VISMA10114,2051
VISBETON14214,2052
MFT305,2053
MFRTB,2054
STRAPBINDER330CCC,2055
MT-TR-03-03-024-ST,2056
MECHEFER1964,2057
#PLINTHERO03,2058
BANNIERE6036,2059
FK19010045,2060
AL-K3007_old,2061
BOLT34-10312A325N,2062
TENDEUR7818,2063
TIE300,2064
BOYAUAIR34-04,2065
OMEGAPISAS,2066
CORDGS350NK,2067
COUETTEBRU,2068
EYEBOLT584,2069
AL-P1003,2070
AL-P1002,2071
AL-T0103,2072
#AL-B0002,2073
EFCOBOLTROLBAC,2074
BROCHE9-50,2075
F25490055,2076
HIT-HY270,2077
GARCORMOD01,2078
SLMFC074,2079
EQUMUR43,2080
BOLT38-165G5Z,2081
F21490118,2082
ACROTDOLLIES,2083
MCT-30000636,2084
LED048A,2085
EQUALFA7-ADAPALUM,2086
MFHD44,2087
JHEAD,2088
VISPLAN83YZ,2089
MECHE126SDS+,2090
GARCORMOD02,2091
AL-K3052_old,2092
AL-F3003,2093
AL-G3001,2094
CAR-CRA700100,2095
LANIEREC1124H/E4_Old,2096
OMEGAPIP,2097
PLAQ14216T3,2098
TIGEF34Z,2099
OMEGAFIL6N-50,2100
ANCRAGE8490,2101
PISAC100,2102
WBOLT3410,2103
PANESCTEMP-PORTE,2104
PANESCTEMP-4x5,2105
SLING34026C,2106
TUAL13,2107
GCA-LACASS,2108
ECHA24,2109
TIE12030SC,2110
MCT-PG193871,2111
MCT-PG150071,2112
M-MCRLG,2113
MFMJB04,2114
KITTOUR555065,2115
PP-MROPC,2116
PLY3423,2117
FRA25490190,2118
VER12P10,2119
SLMDRJT0411,2120
PLAQ581010,2121
TIESCR3406T2,2122
WSBS004,2123
BOYAUAIR114,2124
KITBARESC,2125
LOQCAD412,2126
ATTU4CLOTEM,2127
EQUERE-LJ30P,2128
ECHA28,2129
PORBATSW,2130
GCA-MTS05A-2,2131
LAGBOLT5162,2132
GCA-MTCP-MOD,2133
TUAL23,2134
#PR1M,2135
PR1.5MJ,2136
MFHDVERIN,2137
FK12490118,2138
F24010052,2139
BOLT12-13212G5Z,2140
ANCSYSCON,2141
GCA-MTCLDSS,2142
GCA-VB-M8SS316,2143
MFL038212SS316,2144
GCA-A7133,2145
TUAL22,2146
ISOTUY11186,2147
TIERAP4.8MM7.3,2148
TROLLE3,2149
PELNEIPLA,2150
AL-G4102,2151
AL-D0003,2152
AL-P0003,2153
TRUSLED052A,2154
BAYB052A,2155
SLING206P,2156
BOLT34-104A325N,2157
LADDERAP05,2158
LADDERAP03,2159
EM29501,2160
BOLT38-163G5Z,2161
ECROU38-16AE,2162
SLING1250C,2163
EQUTOIT,2164
VISTEK10161ALUMA,2165
CHIENNETBXL,2166
TRUSLED07A,2167
EFCOS12US,2168
COIL3409P,2169
PLAQ120808T7,2170
LED06A,2171
SANDBAG,2172
GCA-VB-TF1/2X144GV,2173
FK21990045-5,2174
FK21990090,2175
BOLT34-102A325N,2176
MFCD10,2177
GARCORMOD0310-PT,2178
PLAQ3814142TAJ,2179
FERA3833142TAJ,2180
GARCORMOD06-PT,2181
BIND125W,2182
EPI338,2183
MCT-PG112139,2184
ANCNEIGE,2185
AL-F4002,2186
CHUCHAINEADJ,2187
TUBANC04RIDEAU,2188
ROUEEFCO1T,2189
ROUEEFCO2T4660,2190
ROUEEFCO2T4680,2191
TRUSLED05NA,2192
BAYB05NA,2193
GCA-MTCC,2194
SLMN1008,2195
LED2MOTEUR,2196
PLY3413,2197
AL-O0001,2198
CAR-CRA7001HT,2199
WASHER14916116WZ,2200
TIR716T13,2201
CAA716075,2202
MFRTBSW,2203
M-MC4884BONC,2204
$MFPG032,2205
MFP006A,2206
EPI21010,2207
EPI2212,2208
BAYB06A,2209
SLMP480,2210
WASHER121732732WZ,2211
POUTRMB04,2212
TOIALFA-13100-FR,2213
LED05NA,2214
LED052A,2215
PLINTHE026,2216
MT-AC-TB-FRP-0400-0056,2217
MT-EX-03-03-XXX-51,2218
GCA-MTA75,2219
EP-LOT0032,2220
CROPARTYPEA,2221
CROSECGTOG,2222
PLAQ120909T3T,2223
MFL031,2224
ALUATTD,2225
BIND116WC,2226
BOLT38-16114G5Z,2227
SLSLABGRAB,2228
SCAFTAG-JAUNE-E+,2229
SCAFTAG-ROUGE-E+,2230
SCAFTAG-VERT-E+,2231
EXTE400,2232
PLAQMAIROS46,2233
SMST-0122Z0002,2234
SMST-0121Z0001,2235
EPI243,2236
GCA-RESSORT,2237
MFT053EXT,2238
FK20491310-BA5,2239
F98030257,2240
PLY3412,2241
TOINOR-14100-FR,2242
PAD810,2243
OMEGAPO12.5,2244
OMEGAPO15,2245
PEIAERGAL95,2246
VISTEK103,2247
WASHER516HDG,2248
CHANC5-6.7,2249
PALELEKITO-2T25,2250
PALELEKITO-PANIER,2251
AL-A0008,2252
AL-A0012,2253
#TRUSLED06,2254
BASECOLNP,2255
ALUMA08434,2256
GCA-MTWLR,2257
PEIAERPRIGRI,2258
MFMJB10,2259
MFER760RFN,2260
PANRACKC,2261
PANIER2,2262
EXTE700,2263
MONTCLOWB,2264
DEMOCLOWB,2265
MFVRO12HD,2266
ATTMONO-ASS,2267
GARCORMOD05-PT,2268
GARCORMOD07-PT,2269
OMEGAFIL8N-50,2270
EPI138,2271
EPI3123128,2272
TRUSLED10-PN,2273
BLOCBET332,2274
