1,OMEGA68SSP
2,OMEGAPI
3,OMEGAJO
4,VISBETON14314
5,NEOPRENE
6,OMEGA68
7,WBOLT14214
8,MFMJ08
9,MFM02C
10,BASEARCHG
11,MFA0510G
12,MFT055G
13,MFC074
14,MFL010G
15,TUBANC04G
16,MFR000
17,MFE057G
18,GARDESC
19,MFEREXT
20,MFER00
21,MFP007
22,MFEC20G
23,zMFVP36_OLD
24,MFM06C
25,MFM12C
26,LAGBOLT142
27,GARDEQUERG
28,TUAL08
29,MFVP24
30,BASECOL
31,PR1M
32,PR3M
33,PR2M
34,LED03
35,LED04
36,LED10
37,LED06
38,LED05N
39,LED02
40,BAYB10
41,BAYB06
42,BAYB05N
43,BAYB04
44,BAYB02
45,MFP010
46,MFP006
47,MFP005
48,MFP004RO
49,TUFSTUD3.6G
50,EFBOLT2
51,PESE55
52,PR3MJ
53,PR2MJSG
54,BOLT12-133A325N
55,PLAQ120808T9SROS
56,COIL3402ES
57,COILNUT34
58,MFT165G
59,ATTECHELLG
60,TUAL05
61,TIE025
62,CLIP516F
63,PR2.5M
64,MFL000
65,ADAPROS
66,LED036
67,LED07
68,BAYB07
69,BAYBDL
70,EQUEROS34
71,MARCHEALL
72,LIMON7D
73,LIMON07
74,MADAC036
75,MADAC07
76,PLINTHERO07
77,PLINTHERO036
78,PLINTHERO03
79,DISQADAPT
80,VERROSPF
81,PR.5M
82,EQUEROS26
83,EQUEROS16
84,MADFIL07
85,PLINTHERO022
86,LED042
87,PR1.5M
88,TRUSLED07
89,TRUSLED10
90,ADAPDT
91,MADAC10
92,PLINTHERO10
93,ALUMA04
94,ALUMA05
95,ALUMA106
96,VCLAMP
97,ALUMA08
98,PR2.5MSG
99,PR1MSG
100,MADAC04
101,LED01
102,MADFIL10
103,MFR360
104,ALUMA06
105,ALUMA12
106,ALUMA18
107,ADAPST
108,E-3M-02-PI
109,REVLOCFORINT-P
110,DT-FRALOCFOR-P
111,CT-FRALOCFOR-P
112,DT-FRAAMOFOR-P
113,CT-FRAAMOFOR-P
114,M-E-3M-02
115,PLY3444
116,SLABGRABG
117,MFP1010
118,MFPTRA1028
119,MFP106
120,MFP107
121,LED08
122,BAYB08
123,MFP108
124,MFP008
125,MFRARO
126,MFRAROSW
127,EQUEROS46HD
128,ESCALU652
129,RAMPESCALU6
130,BARRUREESCALU
131,ESCALU352
132,RAMPESCALU3
133,LED052
134,MFMJ06
135,MFMJ04
136,MFMJ10
137,TUAL16
138,TUAL14
139,TUAL12
140,GIRDERC
141,TUAL06
142,FERANGLE
143,ANC585HCA
144,MANILLE314
145,SLING51603
146,SLING51625
147,CLIP516_old
148,TENDEUR112
149,UNIPOTROS
150,LED01D
151,LED010
152,LED016
153,TUAL01
154,TUAL03
155,TUAL02
156,TUAL04
157,WSOR235
158,WSOR244
159,POUTLOQ4
160,WSOR239
161,MOT501XE
162,TELMOTTIR025
163,EXTTELMOTTIR250
164,POUTRMB08
165,POUTRJOINT30
166,COUETTE
167,EXTE200
168,POUTRRB04
169,CAA516300
170,PLYBLOCAGE
171,CHAMON2862
172,POTCHAMON
173,CAA516225
174,BAYB03
175,BAYB042
176,TRUSLED08
177,LED014
178,BINDER230
179,MFVU24
180,ALUMA21
181,ALUATT_old
182,ALUPLA
183,ALUBOLT
184,PANCARTEPUB4832EP
185,PLY3448
186,TUAL18
187,TRUSLED052
188,BAYB052
189,MFP004
190,MFP104
191,ALUMA20
192,MFM10C
193,TOITUFT-13100-FR
194,BUNGEE-TIES
195,TUAL10
196,MFVP12
197,MFVP32-36
198,PR.5MSG
199,PR1.5MSG
200,PR2MSG
201,PR3MSG
202,MFP0052RO
203,ALUMA32
204,EPI2412
205,ALUMA14
206,PLY3418
207,TRUSLED06
208,MARCHE50
209,MFP105
210,BLOCBET5
211,PR2.5MGT
212,DISQADAPTDEMI
213,GOUPILROS
214,PLY3424
215,LOCKPIN3826LP
216,RACKEPLUS
217,MFC054
218,OMEGA88SSP
219,OMEGARDG
220,OMEGARDG8
221,MFMJ12
222,ALUMA13
223,MFVP24P
224,MFM08C
225,MFMJ05
226,CHU23T
227,CHUGATE23
228,CHU23P
229,CHU23
230,LINER30
231,CHUCHAINE
232,CHU30T
233,CHUGATE30
234,CHU30P
235,CHU30
236,MFPB10G
237,MFL031G
238,SWPL3M
239,HCLIP
240,PINPLAT
241,ROLBUM
242,MOTCAP
243,TSECTIO
244,TRANSFO
245,POUTRRB08
246,SLING516025C
247,TIE200
248,MANILLE212
249,POUTRLAT
250,SLING51606CP
251,EXTE250
252,PANCARTEPUB3624EP
253,ETRIERO
254,GARDESW
255,POUTRFB10
256,POUTRJOINT08
257,TIE100
258,SWPL2M
259,ETRIERPP
260,ETRIERGP
261,MFT033G
262,MFC042
263,MFC062
264,MFC082
265,MFVT24
266,MFPB20G
267,DTRUSLE10
268,DTRUSLE14
269,MFRDEMI
270,ANC58312HCA
271,PLY3428
272,EPI248
273,MFT305G
274,MFC044
275,MFPG032G
276,MFG030
277,MFG004
278,TUBANC03G
279,MFC104
280,MFG010
281,POTREG002
282,LAGBOLT382
283,MFG005
284,GCA-KITDCP-2_old
285,GCA-PLC_old
286,GCA-CL201_old voir GCA-MTCH
287,GCA-JCWASHER
288,GCA-SLBOLT
289,GCA-SLNUT
290,GCA-LOCKPIN
291,GCA-CENS
292,GCA-CKITSL12
293,GCA-RUBCW
294,GCA-ALTUB33
295,GCA-JCLIP
296,GCA-JCBOLT
297,GCA-CL90_old voir GCA-MTCE
298,ECHA36
299,CAULTRA58
300,ALUMA09
301,SLABGRAB
302,ETRIEROL
303,SWCOIN90
304,SWPL0.5M
305,TIE015
306,CAA516075
307,EXTE150
308,CAA12100
309,CLIP12F
310,WBOLT585
311,POUSUP
312,CAA516150
313,PLY3426
314,SWPL1M
315,CAA12050
316,CLIP12
317,MOT501LE
318,CAA12025
319,ETRIER
320,CABTRU10
321,SWCROARO
322,WSOR123
323,TUFSTUD0.9G
324,TUFSTUD1.8G
325,PLAQ120808T9S1316
326,EYEBOLT3412A
327,COIL34016ES
328,BUNGEE21N
329,CAPUCHBOUL
330,PLAQALU3164896CP
331,ISOTUY13
332,CAA516050
333,ENROULEURT1T50G
334,TROLLE2
335,VER24P10
336,EFCOLCLIP
337,COIL34016P
338,ALUMA24
339,COIL34018P
340,ALUMA10
341,OMEGAROU4_old
342,INSERT
343,OMEGAE
344,ROU4T38L
345,OMEGAE12
346,MFA0576G
347,POU086G
348,POU106G
349,PORAJUORA
350,MADAC052
351,MADAC03
352,MADAC02
353,GIRDERCSW
354,MADAC06
355,MADAC08
356,MADFIL0502
357,ALUUP3M
358,GOUPIL3161916
359,ALUUP4M
360,MFT163G
361,MFC064
362,MADFIL06
363,ALUMA16
364,PLY3446
365,TUBANC06G
366,TUAL09
367,GCA-CL101_old voir GCA-MTCT
368,GCA-CL10_old voir CGA-MTCL
369,CHAMON2448
370,PLAQPOUTRLAT
371,MONORAILJOINT
372,60-40
373,SADDLESCAFTRAC
374,MONORAIL610
375,WBOLT383
376,MFA0576DG
377,MFTRUSTG
378,MFC102
379,MFC052
380,MFT053G
381,MFM04C
382,FERAADAPMUR
383,TUBANC08G
384,WBOLT384
385,ECHAFV20
386,PAD22
387,BOULASSMDR
388,MDRJT10
389,MDRJT04
390,TUBANC10G
391,ALUUPEXT
392,MDRJT026
393,MDRJT05
394,ANC34412HCA
395,SPEPIN
396,SLING51610
397,ZCLAMP
398,EFBOLT112
399,MFVP16
400,SUP126620T7
401,ANC346HCA
402,MANILLE434
403,SLING1230C
404,BARDEAUCEDRE
405,WASHER3878116Z
406,TUFSTUD0.45G
407,EFHUB230
408,MFP1052RO
409,LAGBOLT14212
410,MFP104RO
411,MFP0036RO
412,MFP1036RO
413,ROCMO8HDMT
414,MFG003
415,MFA0376G
416,GARCORBOUARCG
417,POUTRFB08
418,ROCMO8
419,MFB010G
420,PLYTRAPBAS10
421,PLYTRAPPE
422,TUBANC04
423,MFC072
424,MFG007
425,MFEC12G
426,MFT045G
427,MFT043G
428,MFVU24P
429,MFP003RO
430,MFP103RO
431,MFA7810G
432,PLY3447
433,DTRUSLE08
434,TRUSLED05N
435,MFEMOD648KIT
436,MFERMOD6_old
437,MAINMOD
438,BOLT12-138G5
439,ECROU12-13NLWZ
440,KITMOD48_old
441,MP-MARCHEMOD48
442,MP-LIMONMODD
443,MP-LIMONMODG
444,MFEMOD348KIT_old
445,MFERMOD3_old
446,GARCORMOD06
447,GARCORMOD05
448,GARCORMOD0310
449,MP-RAMPESCALU1MD
450,MP-RAMPESCALU1MG
451,MFEBAROTIND
452,MP-RAMPESCALU2MD
453,MP-RAMPESCALU2MG
454,PANCARTESEC
455,PANCARTERISQCHUT
456,PANCARTEPIETON
457,PLY3414
458,PLINTHE10
459,PLINTHE05
460,CHANBET
461,BETANEW
462,BETROLTOPASS
463,EXTELBET50
464,COIL3403P
465,COIL3402P
466,ANCRAGE8478
467,MECHE7816REBCUT
468,WBOLT584
469,PORTACC
470,SLING51605
471,POULIE10G
472,SUPJACPLA
473,COIL3401ES
474,PLY3422
475,EPI442
476,TUBANC12G
477,TAPISBLEU_VoirStocké
478,MFT054G
479,OMEGA88
480,TROLLE3MANI
481,OMEGAPID
482,PESECA
483,PESECA50
484,TIERAP0712N
485,TUBANC03
486,POU8KX
487,ANCRAGE12312PB
488,ALUMA15
489,CAA516100
490,SLING1202
491,COUETTEORA
492,BEAMCLA07
493,COILTIE10
494,SUPPORTROS
495,COILTIE08
496,COIL3401
497,SLING51602
498,TOI1030HD
499,GIZMO
500,TUAL20
501,MFRE001
502,TOI1520FAB
503,PLYTRAPKIT08
504,PLYTRAPBAS08
505,MFEMOD672KIT_old
506,KITMOD72_old
507,MARCHEMOD72
508,GARCORMOD07
509,TENDEUR1212
510,CAA716050
511,CLIP716
512,LAGBOLT384
513,TOISL-13100-FR
514,MOT301XE
515,EXTE100
516,COUET2711
517,COUET2721
518,ADAPGARCORROS
519,UHEAD
520,ALUATT
521,ALUMA07
522,MFVP18
523,CAA516025
524,TENDEUR3412
525,MFL020
526,SWCROCHETA
527,TIE050
528,TIE150
529,EXTE175
530,MFT035G
531,MFT303G
532,TIGEF12024
533,ECROU12-13P
534,PANIER1
535,SLING5802C
536,MFMJ03
537,PLINTHERO052
538,ISOTUY113166
539,SLABPLAQ
540,TIE225
541,TIE175
542,SLMDRJT051
543,CLEAC
544,MFMJB07
545,SLING51606
546,MFEC30G
547,S-SA-02-GE
548,M-S-SA-02
549,CORSAIA
550,F-FR-2A-PI
551,FORCARCERFRACO
552,ATTU114
553,TOI1020HD
554,PLYTRAPKIT10
555,EPI448
556,MFVP06
557,MFVP08
558,ALUUP5M
559,PLINTHE052
560,PLINTHERO04
561,SCAF3M12NC
562,SCAF3M50NC-ACHAT
563,SCAFTIE
564,E-3M-05-GI
565,M-E-3M-05
566,REVLOCFORINT-G
567,DT-FRALOCFOR-G
568,CT-FRALOCFOR-G
569,DT-FRAAMOFOR-G
570,CT-FRAAMOFOR-G
571,TUAL24
572,MFRM000
573,CHU36P
574,CHUGATE36
575,CHU36
576,CHU36T
577,TUAL07
578,ENROULEURRA30G/LE
579,ALUMA03
580,PLY3427
581,CORDGS050NK
582,ALUMA17
583,SCAF3M50VC
584,SCAF3M50VC-ACHAT
585,OMEGAPOKIT
586,PORTECLO
587,ARCHPORTACC
588,OMEGAPIHD
589,OMEGATECAST8
590,DTRUSLE07
591,MFW016-KIT
592,MFWP
593,MFWD
594,MFWCE
595,MFWEA
596,MFWROU16
597,ECROU1-8G2TNLWZ
598,E-3M-01-PI
599,M-E-3M-01
600,FORFRAKIL
601,F10030015
602,F13030018_OLD
603,F14030019_OLD
604,FBOZ-7305
605,F13030029
606,FK15590549
607,F15090184_OLD
608,F17490023
609,F20490050
610,FBOA-2025
611,FK19510039
612,FGOU-1120
613,F25490066
614,F19010034
615,FK15590550
616,F15090195_OLD
617,FK15590190
618,F20490195
619,F17490045
620,F15090050_OLD
621,FK15590066
622,F15090139_OLD
623,FK15590033
624,F15090106_OLD
625,FK15590167
626,F15090027_OLD
627,FK15590022
628,F17490012
629,F15090094_OLD
630,FK15590156
631,F15090016_OLD
632,FK13530024
633,FK21990045-2
634,F24010063
635,F23070125
636,F22010027
637,F21490017
638,FK21990034
639,F20490016
640,F20490410
641,FBOA-2008
642,F23040021
643,F23040032
644,F22010049
645,F22010050
646,F22010061
647,F22010072_OLD 22030074
648,F22010083_OLD 22030085
649,FSOUSBASE
650,POUSROCH
651,F19010045
652,F19510051
653,F20490038
654,F17490067
655,FK19510062-6
656,F20490544
657,F20490555
658,F20490072
659,F20490061
660,F20490162
661,F20490331
662,F20490342
663,F25490077
664,PANIERCHAKITO
665,TREUILKITO
666,ECHA16
667,F20490106
668,F17490034
669,F24010074
670,F15090038_OLD
671,F15090094
672,F13030018
673,F24010030
674,F20490768
675,F24020019
676,F15090195
677,F15090139
678,F15090050
679,F20491578
680,F14030109_OLD
681,EXTELBET45
682,EXTE075
683,M-MCRL5
684,M-MCRAL
685,M-MCRAR
686,M-MCRE
687,DEMICRINOLINE
688,M-MCRL3
689,BARHDROS
690,ANGSECUR
691,LIMONGAET
692,MOUSQ38
693,TIGEARM5848
694,GARCOR
695,F17490449
696,MFMJ07
697,F23070013
698,F23050033
699,F20491310
700,SEL10
701,F20490229
702,F15090106
703,AJOUT
704,BOYAUAIR34-02_VoirStocké
705,BOYAUAIR34
706,CAA516125
707,STYRO228
708,SWCOIN45
709,MFE086G
710,MFER086E
711,MFC084
712,F20490083
713,RACKPLAST
714,RACK
715,F98030033
716,FK15590055
717,F15090128
718,FK15590189
719,F15090049
720,F15090027
721,F15090184
722,F15090117
723,F15090038
724,F23070114
725,F21490028
726,F22020028
727,F14030019
728,OMEGAFIL6N-KIT
729,OMEGAFIL6N
730,RACKC
731,ROUETR6
732,PLINTHE03
733,POUPORTKIT
734,POUPORTVER
735,POUPORTHOR
736,POUPORTCOU
737,POUPORTPIN
738,CORDGS150NH
739,CORDGS150NK
740,PLINTHERO0310
741,PLINTHERO08
742,PLINTHERO06
743,PLINTHERO05
744,MADAC05N
745,UNIPOTROSSW
746,BOLT12-132G5
747,WASHER916138332WZ
748,LED04A
749,MADFIL0210
750,TENDEURCOIL3424
751,PR1.5MJSG
752,MFT053
753,BOOSTER13
754,TIE12075
755,TIE12030
756,BROCHE16
757,CLOUS12
758,EFCOS12
759,EFCOS6
760,COIL34020P
761,DTRUSLE21
762,CAA516250
763,CAA12075
764,MANILLE612
765,BOLT34-10212G8YZ
766,SNATCHBLOC4
767,SUPMOTLED
768,ROLBUM10C
769,PLAQT7
770,TELMOTTIR125
771,MECHEW588
772,S-SA-01-PE
773,M-S-SA-01
774,MFRM360
775,MFP002RO
776,BETASCOP
777,TELBETA
778,BETAPOST
779,EXTTELMOTTIR150
780,BROCHE9-25
781,LAGBOLT38312
782,GOUPIL
783,SLMDRJT02
784,SLMDRJT06
785,MFMJB08
786,MFM05C
787,SLING51604
788,TUBANC02G
789,MFEB30G
790,CAA516175
791,F10060018
792,F12490118
793,FK13530046
794,F13030041
795,F20491567
796,F19010034-6
797,LAGBOLT38512
798,LAGBOLT388
799,MFVT32-36
800,SCAF3M45N
801,SCAF3M45N-ACHAT
802,02A28
803,EFCOHUBUS
804,EFBOLT3
805,EFBOLT4
806,SCREW-LOCS
807,TIR516T508D
808,DROPST
809,POIGNEE516
810,TENDEUR3418
811,MONORAILARRET
812,TIGEF12012
813,STABSWING
814,SUPADASWI
815,TIR58T532
816,POIGNEE58-716
817,CAA58060
818,COIL3412P
819,EFCOS6US
820,COILTIE16
821,BAS386616T4
822,EFCOS3US
823,SUP126616T7
824,MFP011MTSC
825,FK10560080
826,FBOA-2032
827,F98030257 OLD
828,F98030246
829,F20490645
830,F17490326
831,F17490281
832,FK14530092
833,F14030110
834,FBOA-2072
835,MFEB50G
836,MFMB08C
837,EXTE100120V
838,COUET2621
839,EXTE025
840,FK10530010
841,F98030077_OLD
842,F98030033_OLD
843,F25490099
844,F20490252
845,FK20990088
846,FBOA-2029
847,F20490117
848,CAOU343818
849,CAA516200
850,FK15590088
851,FK15590044
852,FBOA-2030
853,F23070103
854,BOLT58-11212A325N
855,FK15590178
856,MFM03C
857,PR3MJSG
858,MADFIL08
859,ALUMA11
860,ALUBOUT
861,COIL3407P
862,SLING1206
863,PR2MJ
864,COIL3406P
865,RUBDTGRIS
866,MFEB40
867,SCAF3M50NC
868,PR1.5MGT
869,GYPSY3600R
870,MFEB20G
871,E-3M-05-XE
872,E-3M-05-PE
873,EXTELBET25
874,COUET9965C
875,ANCRAGE14214H
876,WBOLT143
877,COIL3404P
878,SLING1206C
879,ROLBEAMW
880,SP240
881,SP241
882,COUET2411
883,BOLT12-132G8YZ
884,SLING51608
885,MANILLE812
886,SLING1216C
887,SLING1218C
888,SLING1212C
889,POTREG003
890,ATTU112
891,PLY3438
892,PLY3417
893,MARCHEALL12
894,S-SA-03-PE
895,M-S-SA-03
896,SCAF4M50N
897,EPI242
898,SERREC8
899,SERREC3
900,CAA516350
901,BSDOUBLE_OLD
902,BANNIERE1980
903,F20491321
904,F20491400
905,KOMETWB58PF_old
906,HARNAISAC032/P2
907,LANIEREC1104G/E4
908,BOYAUAIR34-06_VoirStcoké
909,SCAF3M12VC
910,PLY3402148
911,MFVPEFCO24P
912,CAA516275
913,TIE075
914,BOOSTERTRANS
915,PLYCOINROS
916,S-SA-01-PI
917,E-C-20-GE
918,M-E-C-20
919,E-C-20-XE
920,FORFRATEM
921,FK10530086
922,FBOA-2080
923,FKAEACT8
924,F20490263
925,F19010056-old
926,ADAPTENDRENF
927,F15090049_OLD
928,F15090128_old
929,F14030109
930,WBOLT586
931,E-3M-03-PE
932,M-E-3M-03
933,MFP1022RO
934,OMEGAROU5_old
935,ROU5ERECI
936,POTREG001
937,GARCORMOD052
938,GARCORMOD03
939,ANCRAGE38214
940,MADFIL0306
941,BOLT12-13114Z
942,RUBANANTIDERAP660
943,BAGUEROS
944,PR1.6MCOURBE
945,B2GIRDROS
946,B2ENTREDEUX
947,BEAMCLA10
948,PR2.5MJSG
949,POTENCEG
950,ANCBASCOLFIX
951,BARPINPLAT
952,FLEXI
953,MFG10J
954,MFG07J
955,GARCORMOD10
956,GARCORMOD08
957,TRUSLED04
958,EFBOLT5
959,ESCA10
960,CABTRU08
961,ALUMA28
962,PLAQALU144896
963,VISBOIS10114CP
964,BITR2
965,VISTEK1024112
966,ROCMO8HD_old
967,ACROCROU
968,ACROTDOLLIED
969,ACROTPOU10
970,MFP003
971,TIERAP075
972,ECROU1213TNL
973,MFMJB03
974,POU001
975,POTENCESWLG
976,MFEC40G
977,TUAL15
978,WBOLT344
979,SLING51612
980,PLYTRAPKIT07
981,PLYTRAPBAS07
982,MAILLEP14
983,SUPPORTPF4
984,ESCALU626
985,PR2MGT
986,CAA12150
987,MFP103
988,OMEGASTABG
989,SWCAGEAD
990,PLYTRAPKIT06
991,PLYTRAPBAS06
992,S-SA-01-GI
993,SLSADDLESCAFTRAC
994,60-21
995,DTRUSLE28
996,RACKCAGE
997,MFRAROSWMA
998,TIE020
999,S-SA-05-GI
1000,M-S-SA-05 - ERREUR
1001,POTENCEDAVITARM
1002,LED048
1003,TROLLE1MANI
1004,PR.5MGT
1005,MFMB06C
1006,MFPB10GS
1007,KITTOUR558110
1008,PLAN
1009,MFMJB09
1010,KITTOUR454090
1011,MFMJB05
1012,PR3MGT
1013,F98030077
1014,ANCRAGE12234PB
1015,MFW026-KIT
1016,MFWROU26
1017,MFWCB26
1018,MFWCCAP
1019,MFWCHUB
1020,MFWCSEA
1021,MFWCN12
1022,STYROFOAM
1023,WASHER716116WZ
1024,SWMOD35
1025,SWPLAQMOD35
1026,BOLT716-145G8
1027,ECROU71614NL
1028,COIL3404ES
1029,FK14530069
1030,FBOA-2090
1031,ATTECHELL
1032,S-SA-03-PI
1033,DTRUSLE17
1034,DTRUSLE18
1035,LED024
1036,MFG008
1037,B2ADAPGARROS
1038,LED018
1039,ACROTJOINER
1040,ACROTSUPBOU
1041,S-SA-05-PI
1042,MFG006
1043,POU002
1044,EFCOS15
1045,EFCOS3
1046,COUETTENOI
1047,POU1014M
1048,GYPSY3000J
1049,CHU18
1050,AL-LOT0040
1051,AL-LOT0041
1052,BACUL
1053,POTREG004
1054,POU126G
1055,RONDELLE
1056,CAA12125
1057,MFL038
1058,TIE250
1059,CORDGS200NK
1060,FK15560029
1061,FK15560018
1062,WBOLT588
1063,CAA12060
1064,CAA12040
1065,COIL1202
1066,COILNUT12
1067,WASHER121516332Z
1068,LAGBOLT38212
1069,COIL34032P
1070,SLEFHUB230
1071,SLEFCOS3
1072,SLEFCOS6
1073,EFCOJACK
1074,FERA14236T2
1075,TUBANC01G
1076,VISBETON14234
1077,ANC383HCA
1078,ADAPROSJ
1079,CAA12200
1080,MFER086I
1081,RUBANANTIDERAP260
1082,WBOLT583
1083,KITPLAQSUSPENTE
1084,ECROU34NL
1085,WASHER34P
1086,SLINGV4176/R
1087,EQUALFA7
1088,HY200-R
1089,EQUALFA7-POSTSOC
1090,EQUALFA7-BUMPER
1091,EQUALFA7-TIGE
1092,EQUALFA7-TUB142416
1093,COIL12028
1094,SLING51620
1095,BOSUN
1096,BOYAUCLAIR716
1097,EFCOPANHIN
1098,PLYTRAPKIT05
1099,PLYTRAPBAS05
1100,ANCRAGE12212AS
1101,MFM07C
1102,MADAC04N
1103,CAA516030
1104,SUPCABDAL
1105,BOLT12-13212A325N
1106,ECROU12A325
1107,WASHER12138332YZ
1108,SUP126616T5
1109,FERATUBANC
1110,BOLT38-16212G5Z
1111,ECROU38-16NL
1112,WBOLT124
1113,SWPL1.5M
1114,SLALUUPSWPP
1115,ALUATTD_ old
1116,DTRUSLE20
1117,PLAQALU184896CP
1118,MADFIL0310
1119,MFSRMOD148
1120,ECROU34-102H
1121,PLAANCPFV38317T2
1122,MFERMOD3
1123,ALUATTND
1124,OMEGAFIL6B
1125,LINER36
1126,EPI446
1127,CAA12175
1128,BLOCSTOPD
1129,EXTELBET85
1130,CAA12030
1131,MFVP10
1132,AL-Q3000
1133,AL-F4000
1134,AL-F4001
1135,AL-B0001
1136,AL-P0001
1137,20180119-0032A001
1138,AL-O0000
1139,AL-C0002
1140,AL-A0000
1141,AL-L0002
1142,CAR-CRA700000
1143,AL-D0001
1144,AL-P0100
1145,AL-Q3003
1146,AL-F4004
1147,$MFA0576
1148,AL-LOT0043
1149,PR.5MJSG
1150,PR1MJSG
1151,ADAPGARCORROSD
1152,F22030096
1153,PLAQVARI
1154,F20491488
1155,BEAMCLA14
1156,BOLT34-102A325G
1157,CAA516450
1158,SLING1203
1159,TIE010
1160,MOUSQP259Z
1161,OMEGAFIL8N-KIT
1162,OMEGAFIL8N
1163,RACKRESERVOIR
1164,TIE040
1165,TIRVITF2
1166,MFERMOD6
1167,MFEMOD348
1168,MFEMOD372
1169,SLING1205
1170,SWCAGE
1171,COUETTEVER
1172,MANILLE41258US
1173,CORBEAU
1174,WBOLT126
1175,BOYAUAIR34-03_old
1176,MFEB40G
1177,MFEC60G
1178,MFEB60G
1179,OMEGAFIL6B-KIT
1180,EXTE150120V
1181,BOYAUAIR34-03_VoirStocké
1182,WBOLT345
1183,MDRJT076
1184,POU106
1185,S-SA-02-PI
1186,S-SA-02-GI
1187,POU1214MG
1188,POU1614MG
1189,POU1014MG
1190,MFMJB06
1191,EPI444
1192,@MFVP24
1193,M-MPP719_old
1194,PLAQ382128
1195,S-SA-03-GI
1196,MFEB12G
1197,SUP126616T6
1198,MFA057G
1199,OMEGARDJ_OLD
1200,FERAA22316
1201,EXTE020120V
1202,BARIL24
1203,CORLUN
1204,SCAFTIEBLANC
1205,CORDGS300NK
1206,MFVP14
1207,PARAPET22A
1208,S-SA-01-XI
1209,SWCOIN90A
1210,ANCRAGE586H
1211,LAGBOLT14112
1212,WASHER516
1213,ECHA20
1214,KITMFA0510G
1215,SLING1204
1216,#MFVP24
1217,PLAQ3821216T3
1218,FORFRA
1219,FORCARCER
1220,BOYAUAIR34-06_old
1221,BOLT58-2A325G
1222,POTREG000
1223,COIL3405P
1224,TIESCR341712T4
1225,PALETTE4048_OLD voir stocké
1226,AL-T0102
1227,RIVET14114
1228,VISTEK81
1229,FERAA1118
1230,MFG10G
1231,MFG05G
1232,BLOCBET2
1233,TENDEUR5812
1234,CAA00516A
1235,MFP010EXP
1236,SLING1207
1237,CAA12015
1238,LAGBOLT38112
1239,TIGEARM5836
1240,PLY3428STYRO
1241,SLING1210
1242,BIND116W
1243,E-C-11-INSPEC-GE
1244,M-E-C-11-INSPEC
1245,CLOUS314
1246,CLOUS2
1247,KEEKLAMPRK680
1248,KEEKLAMPRK605
1249,KEEKLAMPRK620
1250,MT-HOL-8020
1251,MT-HOL-8030
1252,MT-HOL-8040
1253,MT-HOL-8150
1254,MT-HOL-8610
1255,MECHE1210SDS+
1256,SWIA1159
1257,PLAQSUS380326
1258,MONORAILJOINTKIT
1259,MONORAILARRETKIT
1260,ROCMO8D
1261,STRAPBINDER3033C
1262,SLING1216
1263,TOI0530HD
1264,TOI0730HD
1265,PEIIFLARET
1266,LAGBOLT386
1267,TIR516TU17
1268,BOOSTER
1269,LONCASSEC
1270,LONOUTLM19012
1271,OMEGAFIL8V-KIT
1272,OMEGAFIL8V
1273,TOI0720HD
1274,VISPLAN8212YZ
1275,S-SA-02-PE
1276,BAYB04N
1277,ALUMA02
1278,SUSLAT
1279,ENROULEURT1T100G
1280,HBEAM30-66
1281,BOLT38-16312G5Z
1282,WBOLT346
1283,SUP126620T5
1284,MFVUDALU24
1285,VISBOIS82TCRYZ
1286,SWCOIN15
1287,SWCOIN30
1288,EXTE250GEN
1289,BAYB01
1290,VISBOIS83TCP_old
1291,COIL3403ES
1292,SUPEFCOBETANEW
1293,KITROLBUMSUPADA
1294,CORDGS250NK
1295,SW3MOD32
1296,WBOLT125
1297,ANCRAGE12512H-KB3
1298,RUBANCON2
1299,PLAQALU141224CP
1300,MFSRMOD172
1301,E-C-30-PI
1302,COIL12016
1303,MFP010M24
1304,MFP007M24
1305,ALUUPUHEAD
1306,MAINLEDGER
1307,BARLED
1308,PALETTE3247
1309,EXTTELMOTTIR200
1310,DROPIN34CT
1311,MFEC50G
1312,CHIENNETBXXXL
1313,PR4M
1314,MFVP24SP
1315,TUBANC08
1316,POU1214M
1317,SLMDRJT04
1318,SLMDRJT076
1319,PLY3416
1320,EPI2410
1321,E-3M-02-GI
1322,CAA716040
1323,TIGE12024
1324,WASHER12114332Z
1325,CAA516060
1326,SLING1208
1327,WASHER121116332WZ
1328,PLAQ3160204
1329,F-ADJ200
1330,F-FRA0715L
1331,F-FRA0710L
1332,F-BRAD24
1333,F-PBRA0724
1334,TUB33.25
1335,FERAA11211214
1336,POTEZ3
1337,POTEZ2
1338,POTEZ4
1339,SLM-MCRAL
1340,GENERATRICE
1341,ESCALU628
1342,RUBDTROUGE
1343,VISPLAN8134YZ
1344,VISTEK12242
1345,PLAQALU31660120CP
1346,ECROU34N
1347,MT-AC-MP-03-12-021
1348,MT-AC-MP-03-12-060
1349,MT-AC-MP-03-12-066
1350,MT-AC-MP-03-12-072
1351,MT-AC-MP-03-12-075
1352,MT-AC-MP-03-12-078
1353,MT-AC-MP-03-12-081
1354,MT-AC-MP-03-12-084
1355,MT-AC-MP-03-12-087
1356,MT-AC-MP-03-12-090
1357,MT-AC-MP-03-12-093
1358,MT-AC-MP-03-12-096
1359,MT-AC-MP-03-12-102
1360,MT-AC-MP-03-12-114
1361,MT-AC-MP-03-12-120
1362,MT-AC-ST-ST-24-30
1363,MT-AC-ST-TR-48-30
1364,MT-AC-TB-0600-0200-1200
1365,MT-AC-TB-0600-0200-2400
1366,MT-AC-TB-0600-0200-3000
1367,MT-AC-TB-0600-0200-3600
1368,MT-AC-TB-0600-0200-4800
1369,MT-AC-TB-0600-0200-6000
1370,MT-AC-TB-PL-0400-0200-090
1371,MT-HG-S-06-06-06-AS
1372,MT-PA-06-06-0200-090
1373,MT-PA-06-12-0200-000
1374,MT-PL-S-12-24-000
1375,MT-PL-W-06
1376,MT-TR-03-03-144-ST
1377,MT-TR-06-06-036-AL
1378,MT-TR-06-06-048-AL
1379,MT-TR-06-06-108-AL
1380,MT-TR-12-12-006-AL
1381,MT-TR-12-12-012-AL
1382,MT-TR-12-12-024-AL
1383,MT-TR-12-12-036-AL
1384,MT-TR-12-12-048-AL
1385,MT-TR-12-12-060-AL
1386,MT-TR-12-12-072-AL
1387,MT-TR-12-12-084-AL
1388,MT-TR-12-12-096-AL
1389,MT-TR-12-12-108-AL
1390,MT-TR-12-12-120-AL
1391,MT-PL-W-12
1392,MT-AC-HC-WYE-S-0150
1393,MT-AC-HC-TES-F-0150
1394,MT-AC-HC-CNR-S-0150
1395,MT-AC-HC-INT-S-0150
1396,MT-AC-HC-INT-F-0150
1397,MT-AC-HC-INS-F-0150
1398,MT-AC-HC-ELT-S-0150
1399,MT-AC-HC-ELT-F-0150
1400,MT-AC-HC-ELB-F-0150
1401,MT-AC-HC-TEE-F-0150
1402,MT-AC-HC-PNH-F-0150
1403,MT-AC-HC-CAP-F-0150
1404,MT-PL-SP-12-12-0025-AL
1405,MT-PL-SP-12-12-0050-AL
1406,MT-HW-BS-0250-GR8-132
1407,MT-HW-BS-0125-GR8-132
1408,MT-HW-TB-RND022102013901580008
1409,MT-AC-PD-4800-0750-0375
1410,MT-HW-UBC-0200-0300-122
1411,MT-HW-TBRND02210201390158-0009
1412,MT-HW-BS-0200-GR8-132
1413,MT-AC-PD-6000-0600-0400-L
1414,MT-HW-BT-CAR-SQU-GR2-0150-132
1415,MT-HW-WS-WZ-1116H-58B
1416,MT-HW-NT-HEX-WZ-5811
1417,MT-HW-BT-HEX-HEX-GR5-0025
1418,MT-HW-NT-HEX-WZ-1420
1419,MT-HW-WS-WZ-516H-14B
1420,MT-CS-PT-CT
1421,MT-CS-PT-QE
1422,MT-CS-PT-LT-6261
1423,MT-HW-LW-WZ-38
1424,MT-HW-WS-WZ-716H-38B
1425,MT-HW-BT-HEX-HEX-GR8-0125-132
1426,MT-HW-NT-HEX-HEX-GR8-132
1427,MT-HW-WA-SAE-0008-0068-0131ZIP
1428,MT-LOT0006
1429,MT-LOT0007
1430,MT-LOT0008
1431,MT-HW-LW-YZ-58
1432,MT-LOT0016
1433,DEPL1213F
1434,FUTSC.M9F22102
1435,FUTWE.1050000000
1436,FUTWE.1020100000
1437,FUTSC.ZCKY43
1438,FUTSC.ZCKE05
1439,FUTSC.ZCKJ1H7
1440,FUTSC.ZB4BZ101
1441,FUTSC.ZB4BG2
1442,FUTEX.5100 ESCH121006
1443,FUTBU.MDA-20-R
1444,FUTCA-ALPO-1000-0-6
1445,MT-LOT0015
1446,MT-LOT0017
1447,MT-LOT0012
1448,MT-LOT0013
1449,MT-LOT0014
1450,MT-LOT0009
1451,MT-LOT0010
1452,BASECOLL
1453,BAYB016
1454,CAA516400
1455,POU0814MG
1456,MFB010LD
1457,E-C-11-INSPEC-PI
1458,E-3M-03-GI
1459,E-3M-03-PI
1460,LAGBOLT382G
1461,GARCORBOUARC
1462,PALCHA10-1TON
1463,MDRJT02
1464,SLING51607
1465,MFEC20
1466,MFP010A
1467,AL-K3013_old
1468,AL-F3001
1469,AL-G3000
1470,AL-D0002
1471,AL-B0002
1472,AL-P0002
1473,AL-G4101
1474,AL-J0001
1475,TUBANC05G
1476,BINDER13430
1477,PANIER23
1478,PLINTHE04
1479,TROLLE2MANI
1480,FBOYHYDACT8
1481,ROLBUM10CSA
1482,RIVET1438
1483,ROSETTE
1484,PANCARTEVALEUR
1485,AL-RSTHR06
1486,AL-RSTHR05
1487,AL-RSTHRB05
1488,AL-RSTHRB02
1489,AL-RSTHRB01
1490,AL-RSTHRB04
1491,AL-RSTHRB06
1492,AL-RSTHRB03
1493,AL-RSTHR01
1494,AL-RSTHR04
1495,AL-RSTHR02
1496,FK14530070
1497,F28491161
1498,TAPISBLEU-VARI
1499,PORAJUORAROS
1500,MFT163
1501,F15090016
1502,PINCE2T
1503,#MFVP24P
1504,PLY3848
1505,MFT054
1506,MFT055DG
1507,PLAQALU144896CP
1508,PENTURET06
1509,ECROU14-13P
1510,BOLT14-20114CWZ
1511,MFSRMOD248
1512,FERAANCTUB16
1513,MFMB07C
1514,F-TB24
1515,F-TB12
1516,F-TBBRACK
1517,F-DH24
1518,F-DP24
1519,SLPOT000
1520,SLPOT001
1521,PLINTHE07
1522,PLINTHE08
1523,BAYB1M07
1524,OMEGA85
1525,OMEGA64
1526,EQUEROS52HD
1527,MFPTRA0728
1528,PLAQALU1460120CP
1529,SLALUUP5M
1530,SLCLEAC
1531,SLGOUPIL3161916
1532,GEOMEM545
1533,FORFRAPEN
1534,FORFRADIV
1535,#AL-C0002
1536,SLALUUP4M
1537,PLY3448T
1538,GYPSY3000R
1539,BASFRACOEFCO
1540,MT-TR-06-06-006-AL
1541,BSDOUBLE
1542,OMEGA87
1543,ALUUP2M
1544,EXTE050
1545,CORDGS250NH
1546,GOUPILLD
1547,CHUFLAP36
1548,RIVETA31658
1549,TIE125
1550,EXTE750
1551,POU126
1552,FK10530212
1553,BAYB1M052
1554,MT-HW-BS-0150-GR8-132
1555,MT-TR-06-06-072-AL
1556,MT-TR-06-06-084-AL
1557,MT-TR-06-06-096-AL
1558,MT-TR-06-06-024-AL
1559,MT-TR-06-06-120-AL
1560,MT-PL-S-06-12-090
1561,MT-PL-SP-06-06-0025-AL
1562,MT-PA-03-06-0200-000
1563,MT-MR-UM-0250-0250-90
1564,COSSEHD5/16
1565,ESCA08
1566,POT001
1567,MFR362
1568,MFR002
1569,COMKOMETWB58F
1570,IBEAMWAJAX
1571,EXTE125
1572,WASHER58112332G
1573,POT000
1574,MFPG032
1575,VISM101TR
1576,BAYB1M10
1577,MFG07G
1578,RUBAN-DANGER-R
1579,CONESEC
1580,SUPFILPRO
1581,MT-JH-02-06-090
1582,MT-PL-S-06-12-000
1583,MT-TR-06-06-012-AL
1584,MT-MR-UM-CB-0232-0232-0016-090
1585,MFT165
1586,BOLT34-10212A325N
1587,TIESCR3406T4
1588,MT-TR-06-06-060-AL
1589,CAA516500
1590,VISBOIS82TFPTZ
1591,WASHER1Z
1592,ANCRAGE58512KH
1593,EXTELBET250
1594,RESSORTGARCOREXT
1595,SLING1207C
1596,TENDEUR51645
1597,MFM01C
1598,PANCARTELOGO188
1599,F22030074
1600,F19010034-5
1601,MFSRMOD272
1602,SLRAMESCEXT64
1603,SLRAMESCINT64
1604,EXTELBET100
1605,MFP007A
1606,TIESCR3412T4
1607,TUB142212T4
1608,COIL3408P
1609,GLISECGTOG
1610,GLISECBOLT
1611,GLISECBOUT
1612,PLAQ3855TR1316
1613,CROPARTYPEAMOD
1614,CROSECGTOGMOD
1615,GLISECECROU
1616,ESCA06
1617,LED014D
1618,MFP0127SC
1619,LAGBOLT126
1620,SLING1205C
1621,STYRO128
1622,OMEGAFIL6V-KIT
1623,OMEGAFIL6V
1624,ADAPROS12HD
1625,SLALUUP3M
1626,COMKOMETWB58PF
1627,POT002
1628,VISBOIS121TCPWZ
1629,CORDGS100NK
1630,SUPEFCO26
1631,SLINGV4173
1632,ATTU1
1633,CAPUCHBLEU
1634,ANCMOBGRI
1635,REVCON
1636,REVSAL
1637,REVCLER
1638,REVPROF
1639,BOLT12-13312G5
1640,EPI4412
1641,EPI448D
1642,BROCHE9G
1643,SLING51615
1644,EXTELBET65
1645,KITTOUR555030
1646,KITTOUR558065
1647,SWJOINT22.5G
1648,SWJOINT22.5P
1649,SWJOINT22.5PL
1650,OMEGAROU4
1651,EP-LOT0020
1652,EP-LOT0021
1653,EP-LOT0022
1654,CHAMON3660A
1655,VISPLAN82YZ
1656,SLING1212
1657,MFP1010EXP
1658,F22030085
1659,F22030029
1660,F22030018
1661,SUPSWITCH
1662,ANC3410HCA
1663,F23040010
1664,F20490184
1665,BOLT12-132G8YZ-FT
1666,BOLT12-136G2Z
1667,#MFP010
1668,LONGPLA0310
1669,POULIE12A
1670,POLALUMON
1671,BETALEO
1672,DOUROP70-2
1673,TIE030
1674,TUFSTUDMULHUBG
1675,FK10530379
1676,ROU12HDROS
1677,GCA-MTCL
1678,AL-A0050
1679,GCA-MTCE
1680,VISMA143TH
1681,WASHER516916116G
1682,WASHER51634116WZ
1683,GCA-MTB
1684,GCA-MTS04
1685,GCA-MTS03
1686,GCA-MTS02
1687,BAYB1M04
1688,COIL3410P
1689,SUPPLA08
1690,TUFSTUDHUBG
1691,GCA-MTCH
1692,GCA-MTS01
1693,GCA-NM20Z
1694,BOLT12-133A325G
1695,POLYTHENE20100F
1696,MECHE3810SDS+
1697,TOI0520HD
1698,PLAQ120808T9S116
1699,ANCRAGEB31110
1700,COIL106
1701,COILNUT1
1702,BOYAUAIR34-10_old
1703,#ATTECHELLG
1704,MFL010
1705,COIL104
1706,BOYAUCLAIR12
1707,@GARDEQUERG
1708,LINER23
1709,GCA-KITBASPOT
1710,GCA-MTBA
1711,GCA-MTS01A-2
1712,MFC101
1713,EPI2605
1714,EPI2606
1715,GCA-MTCT
1716,BARILSEC
1717,BARILSECPESE
1718,MFC073
1719,EPI246
1720,MFT055CG
1721,AL-Q0106
1722,CROCHETCH
1723,EPI148
1724,BOLT12-13312A325N
1725,#AL-J0001
1726,AL-P0101
1727,AL-G3101
1728,AL-F3000
1729,BOYAUAIR34-02
1730,ANCBASCOL
1731,CNALUUP5M
1732,KITTOUR555025
1733,LATHE96
1734,TIE12050
1735,LAGBOLT123
1736,ALLESURFDS
1737,ROLBUMMOD125
1738,MECHEW1464
1739,BOYAU050
1740,BOLT34-10214A325G
1741,MFT035
1742,MFT055
1743,COIL1212
1744,PR1MGT
1745,SLALUUP2M
1746,RUBAN-ATTENTION-J
1747,ANCRAGE383PB
1748,MECHE3812SDS+
1749,ROUEF12EFCO4T
1750,PLAQ12133T2
1751,MT-HW-BS-U-0200-171
1752,SLMDRJT026
1753,WBOLT123
1754,STRAPBINDER230C
1755,MFRE00E
1756,LAGBOLT123G
1757,MT-PLAQVERMOD
1758,MT-PLARACGAR
1759,MT-PLAQVERMOD12
1760,CHAPNEU2448
1761,FERAANCTUB7
1762,TUAL008
1763,COLLEPL
1764,ADAPSTU
1765,MFVP12P
1766,PLATUYALU
1767,AL-RSTHR03
1768,EXTTELMOTTIR075
1769,ENROULEURRT100G
1770,ATTMONO
1771,PLAQ1224
1772,LANIEREC506Z/E4
1773,ROLBUMMOD46
1774,POU0614MG
1775,GCA-MTCP
1776,GCA-MTCF
1777,GCA-MTCW
1778,TUAL11
1779,VISBETON316134
1780,GCA-MTWLW8
1781,GCA-MTWLF
1782,GCA-MTCWL
1783,M-MLSCC
1784,SEL20
1785,EFCOS18US
1786,SUP124615
1787,PLAQALU141248CP
1788,MFG05J
1789,BINDER230F
1790,ALLESURNUIT
1791,BOLT38-16114CWZ
1792,EYE12
1793,BOLT12-13112G5WZ
1794,MFRMSW582
1795,SLFK26510251
1796,SLF25490055
1797,SLF26010010
1798,SLF26010065
1799,SLF26010100
1800,SLFFOD-1520
1801,SLFGOU-1120
1802,EYE38
1803,EXTE050120V
1804,POCHESAS
1805,ANC124HCA
1806,HARNAISAC032
1807,LANIEREC1104Z/E4_OLD
1808,FRAGOU-3225
1809,FRA28070951
1810,KITTOUR555060
1811,BIND330F
1812,F15090151
1813,F15090072
1814,F20490690
1815,F20490689
1816,FBOA-2085
1817,ECHLAD12T2
1818,BET40-54
1819,BET40-55
1820,SUPHSS30
1821,COIL12020
1822,GAZALEMAX
1823,BAXSTRAPI
1824,BAXCOUR
1825,TREPIED7-50KIT52
1826,T2S50G
1827,T3F7
1828,MOUSQPM11Z
1829,K3040102
1830,SUPPORTT90B4
1831,SACXB15105
1832,ANC385HCA
1833,#MAXIP660A
1834,GARDALU
1835,MAXIP660A
1836,ANCRAGE12234
1837,COIL1201
1838,HY200-A
1839,MT-HW-NB-1050-0125-132-04
1840,MT-TR-03-03-060-ST
1841,POT003
1842,AL-K3019_old
1843,AL-O0002
1844,SLING1208C
1845,KITTOUR557100
1846,MAILLEP516
1847,BINDER230C
1848,PALCHA20-1TON
1849,ACROTPOU12
1850,GARCORMOD0202
1851,ECROU38-16TNL
1852,AL-G3002
1853,AL-G4100
1854,#AL-B0001
1855,#AL-P0001
1856,AL-T0100
1857,AL-C0005
1858,ALUUPSWPP
1859,LAGBOLT122
1860,TUAC03
1861,CHANNELUNIT
1862,CHANNELUNITBOLT
1863,POTEZ1
1864,VISBOIS82TCRWZ_old
1865,VISBOIS8112TCP
1866,MT-PLATUBPOTROS
1867,KITTOUR555070
1868,@MFPB20G
1869,TUY1.9.188
1870,$MFPB20
1871,EPI466
1872,BOLT58-11412G5N
1873,CROBOUDAL
1874,GIRDERCS1658
1875,GIRDERCS21
1876,@EQUEROS24
1877,OMEGAFIL8B-KIT
1878,OMEGAFIL8B
1879,SW3MOD32C
1880,TIERAP11N40
1881,MANILLE112
1882,KITTOUR555020
1883,OMEGAE16
1884,COIL1203
1885,REVDIV
1886,GCA-KITLABP
1887,GCA-MTWLC8
1888,GCA-MTS01A-1
1889,SCAWRE1922E+
1890,MFVP24PSP
1891,KITCLO88SSP
1892,MFMJ16
1893,SPOST
1894,CABTRU12
1895,CABTRUJOINT
1896,MFP0036A
1897,EXTTELMOTTIR225
1898,F24020019-80
1899,F23070103-110
1900,FK19510062-8
1901,FK20491310-BS5
1902,FK19510062-7
1903,MT-HW-NB-1050-0125-128-04
1904,MT-HW-BS-0100-GR8-132
1905,MT-HW-BS-0400-GR8-132
1906,PANCARTELOGO11
1907,MARTEAUCH20
1908,RUBAN25E+
1909,MATISO12x24
1910,MFMJ09
1911,MFM040C
1912,FGOU-5020
1913,WASHER34G
1914,FERANANC3T
1915,FERANBAS3T
1916,TAPISBLEU-PI/CA
1917,POT004
1918,BOYAUAIR34-08
1919,GCA-KITLAC
1920,PLY3448IGNI
1921,TPOST
1922,KOMETD5802Z/E4
1923,PR.5M2RSG
1924,PR.66MSG
1925,CABESTAN
1926,ATTCAB
1927,PEDALECAB
1928,BMA-124
1929,M-MC48120BONC
1930,VISMA81ATRC
1931,VISMA812TH
1932,MFM018C
1933,BOLT12-13812G5
1934,CNMFHD44
1935,CNMFHDVERIN
1936,CNMFHDPBASE
1937,CNJHEAD
1938,EXTELBET200
1939,KITCLO68SSP
1940,GARCORMOD0306
1941,SLING204P
1942,CHU18P
1943,CHUGATE18
1944,LANIEREC126H/E4
1945,SECURIPIED
1946,BARILBLEU
1947,SCAF3M45V
1948,SCAF3M45V-ACHAT
1949,BOYAUAIR34-06
1950,BOYAUAIR34-03
1951,PR.33MSG
1952,MFP010CAILB
1953,RACKCM
1954,SUPRAILEFCO
1955,LAGBOLT58312
1956,GCA-MTBNC
1957,TUAC08
1958,ACROTDOLLIEO
1959,ACROTBARRURE
1960,SLING210P
1961,RALANND
1962,RESSORT
1963,MFL038212
1964,WASHER34178332G
1965,VISPLAN8112YZ
1966,VISPLAN8312YZ
1967,ADAPGARDESCC
1968,TIR58TU32
1969,CAA58100
1970,CLIP58F
1971,AL-C0000
1972,AL-J0002
1973,DISQ384142
1974,FERAANCTUB8
1975,#POT002
1976,ALUUP1.2M
1977,PP-FBBFP
1978,PP-MROPL
1979,PP-MROPR
1980,EFCOOEIL03501
1981,EFCOTIEBEA07501
1982,GCA-MTC4L
1983,GCA-MTC4E
1984,SLING212N
1985,GCA-MTKITCS36H
1986,GCA-VB-TF1/2X32GV
1987,GCA-VB-TF1/2X26GV
1988,GCA-VB-WL1/2GV
1989,GCA-MTHBR
1990,GCA-VB-N1/2GV
1991,BOYAUAIR34-10
1992,SLMFHD46
1993,SLMFHDVERIN
1994,SLSB06
1995,SLSBTP
1996,SLSBAB
1997,SLJHEAD
1998,SLBASEPLATEHD
1999,SLGOUPILHD
2000,BANNIERE8460
2001,OMEGAJOW
2002,E-C-35-PI
2003,RESSORT-PORAJUORA
2004,MFHD46
2005,SLMFHDPBASE
2006,SLMFC104
2007,FK20490645
2008,MFRMSW155
2009,TUAC06
2010,BAYB018
2011,BOYAUCLAIR34
2012,POU0614M
2013,OMEGAJ5276
2014,GBY-J3-10BK
2015,TOISL-74136-FR
2016,PLINTHERO026
2017,MCT-PG193936
2018,MCT-PG148191
2019,MCT-PG149642
2020,MCT-PG149831
2021,MCT-30000620
2022,MCT-30000559
2023,MCT-PG188660
2024,MCT-PG149900
2025,MCT-PG150008
2026,MCT-PG150170
2027,MCT-10010778
2028,MCT-30001231
2029,MCT-PG150429
2030,MCT-PG193893
2031,MCT-4/4AWGSOOW61M
2032,MCT-PG146100
2033,LAGBOLT516112
2034,SLMFC044
2035,CORDGS400NK
2036,EPI1312
2037,T90B5
2038,GCA-MTCLD
2039,TUAL21
2040,TUAL17
2041,VISTEK14112H
2042,GCA-VB-TF1/2X38GV
2043,PORTEACC
2044,TENDEUR1209
2045,HOARDF83
2046,SLING1204C
2047,BOYAUCAOUTCHOUC2
2048,ALUATTAP
2049,SLING7807C
2050,WBOLT348
2051,VISMA10114
2052,VISBETON14214
2053,MFT305
2054,MFRTB
2055,STRAPBINDER330CCC
2056,MT-TR-03-03-024-ST
2057,MECHEFER1964
2058,#PLINTHERO03
2059,BANNIERE6036
2060,FK19010045
2061,AL-K3007_old
2062,BOLT34-10312A325N
2063,TENDEUR7818
2064,TIE300
2065,BOYAUAIR34-04
2066,OMEGAPISAS
2067,CORDGS350NK
2068,COUETTEBRU
2069,EYEBOLT584
2070,AL-P1003
2071,AL-P1002
2072,AL-T0103
2073,#AL-B0002
2074,EFCOBOLTROLBAC
2075,BROCHE9-50
2076,F25490055
2077,HIT-HY270
2078,GARCORMOD01
2079,SLMFC074
2080,EQUMUR43
2081,BOLT38-165G5Z
2082,F21490118
2083,ACROTDOLLIES
2084,MCT-30000636
2085,LED048A
2086,EQUALFA7-ADAPALUM
2087,MFHD44
2088,JHEAD
2089,VISPLAN83YZ
2090,MECHE126SDS+
2091,GARCORMOD02
2092,AL-K3052_old
2093,AL-F3003
2094,AL-G3001
2095,CAR-CRA700100
2096,LANIEREC1124H/E4_Old
2097,OMEGAPIP
2098,PLAQ14216T3
2099,TIGEF34Z
2100,OMEGAFIL6N-50
2101,ANCRAGE8490
2102,PISAC100
2103,WBOLT3410
2104,PANESCTEMP-PORTE
2105,PANESCTEMP-4x5
2106,SLING34026C
2107,TUAL13
2108,GCA-LACASS
2109,ECHA24
2110,TIE12030SC
2111,MCT-PG193871
2112,MCT-PG150071
2113,M-MCRLG
2114,MFMJB04
2115,KITTOUR555065
2116,PP-MROPC
2117,PLY3423
2118,FRA25490190
2119,VER12P10
2120,SLMDRJT0411
2121,PLAQ581010
2122,TIESCR3406T2
2123,WSBS004
2124,BOYAUAIR114
2125,KITBARESC
2126,LOQCAD412
2127,ATTU4CLOTEM
2128,EQUERE-LJ30P
2129,ECHA28
2130,PORBATSW
2131,GCA-MTS05A-2
2132,LAGBOLT5162
2133,GCA-MTCP-MOD
2134,TUAL23
2135,#PR1M
2136,PR1.5MJ
2137,MFHDVERIN
2138,FK12490118
2139,F24010052
2140,BOLT12-13212G5Z
2141,ANCSYSCON
2142,GCA-MTCLDSS
2143,GCA-VB-M8SS316
2144,MFL038212SS316
2145,GCA-A7133
2146,TUAL22
2147,ISOTUY11186
2148,TIERAP4.8MM7.3
2149,TROLLE3
2150,PELNEIPLA
2151,AL-G4102
2152,AL-D0003
2153,AL-P0003
2154,TRUSLED052A
2155,BAYB052A
2156,SLING206P
2157,BOLT34-104A325N
2158,LADDERAP05
2159,LADDERAP03
2160,EM29501
2161,BOLT38-163G5Z
2162,ECROU38-16AE
2163,SLING1250C
2164,EQUTOIT
2165,VISTEK10161ALUMA
2166,CHIENNETBXL
2167,TRUSLED07A
2168,EFCOS12US
2169,COIL3409P
2170,PLAQ120808T7
2171,LED06A
2172,SANDBAG
2173,GCA-VB-TF1/2X144GV
2174,FK21990045-5
2175,FK21990090
2176,BOLT34-102A325N
2177,MFCD10
2178,GARCORMOD0310-PT
2179,PLAQ3814142TAJ
2180,FERA3833142TAJ
2181,GARCORMOD06-PT
2182,BIND125W
2183,EPI338
2184,MCT-PG112139
2185,ANCNEIGE
2186,AL-F4002
2187,CHUCHAINEADJ
2188,TUBANC04RIDEAU
2189,ROUEEFCO1T
2190,ROUEEFCO2T4660
2191,ROUEEFCO2T4680
2192,TRUSLED05NA
2193,BAYB05NA
2194,GCA-MTCC
2195,SLMN1008
2196,LED2MOTEUR
2197,PLY3413
2198,AL-O0001
2199,CAR-CRA7001HT
2200,WASHER14916116WZ
2201,TIR716T13
2202,CAA716075
2203,MFRTBSW
2204,M-MC4884BONC
2205,$MFPG032
2206,MFP006A
2207,EPI21010
2208,EPI2212
2209,BAYB06A
2210,SLMP480
2211,WASHER121732732WZ
2212,POUTRMB04
2213,TOIALFA-13100-FR
2214,LED05NA
2215,LED052A
2216,PLINTHE026
2217,MT-AC-TB-FRP-0400-0056
2218,MT-EX-03-03-XXX-51
2219,GCA-MTA75
2220,EP-LOT0032
2221,CROPARTYPEA
2222,CROSECGTOG
2223,PLAQ120909T3T
2224,MFL031
2225,ALUATTD
2226,BIND116WC
2227,BOLT38-16114G5Z
2228,SLSLABGRAB
2229,SCAFTAG-JAUNE-E+
2230,SCAFTAG-ROUGE-E+
2231,SCAFTAG-VERT-E+
2232,EXTE400
2233,PLAQMAIROS46
2234,SMST-0122Z0002
2235,SMST-0121Z0001
2236,EPI243
2237,GCA-RESSORT
2238,MFT053EXT
2239,FK20491310-BA5
2240,F98030257
2241,PLY3412
2242,TOINOR-14100-FR
2243,PAD810
2244,OMEGAPO12.5
2245,OMEGAPO15
2246,PEIAERGAL95
2247,VISTEK103
2248,WASHER516HDG
2249,CHANC5-6.7
2250,PALELEKITO-2T25
2251,PALELEKITO-PANIER
2252,AL-A0008
2253,AL-A0012
2254,#TRUSLED06
2255,BASECOLNP
2256,ALUMA08434
2257,GCA-MTWLR
2258,PEIAERPRIGRI
2259,MFMJB10
2260,MFER760RFN
2261,PANRACKC
2262,PANIER2
2263,EXTE700
2264,MONTCLOWB
2265,DEMOCLOWB
2266,MFVRO12HD
2267,ATTMONO-ASS
2268,GARCORMOD05-PT
2269,GARCORMOD07-PT
2270,OMEGAFIL8N-50
2271,EPI138
2272,EPI3123128
2273,TRUSLED10-PN
2274,BLOCBET332
